record_index,title,pdf_filename,staged_pdf_path,candidate_pdf_url,landing_page_url,source,access_type,confidence,original_local_pdf_path
2144,Pregnancy Outcomes in Women with Sickle Cell Disease at a Tertiary Hospital in Nigeria: A Five-Year Retrospective Study,2144.pdf,/home/kana/.openclaw/workspace/repos/Sys_mcs/analysis/pdf_download/2144.pdf,https://aipmed.org/wp-content/uploads/2026/02/Pregnancy-Outcomes-in-Women.pdf,https://aipmed.org/article/pregnancy-outcomes-in-women-with-sickle-cell-disease-at-a-tertiary-hospital-in-nigeria-a-five-year-retrospective-study/,Annals of Ibadan Postgraduate Medicine publisher website,lawful public publisher pdf,high,/home/kana/.openclaw/workspace/outputs/kana_backlog_v2/tasks/KANA-P0001-NS-02/downloads/found_pdfs/record_2144/record_2144.pdf
3444,General and Emergency Presentations of Children with Congenital Heart Defect and Factors Affecting it as Seen in A Tertiary Health Institution in Enugu,3444.pdf,/home/kana/.openclaw/workspace/repos/Sys_mcs/analysis/pdf_download/3444.pdf,https://www.wajmed.com/index.php/wajmed/article/download/1164/718/1247,https://www.wajmed.com/index.php/wajmed/article/view/1164,West African Journal of Medicine publisher site,lawful public publisher pdf,high,/home/kana/.openclaw/workspace/outputs/kana_backlog_v2/tasks/KANA-P0001-NS-02/downloads/found_pdfs/record_3444/record_3444.pdf
7439,[Retrospective Evaluation of the Epidemic of Influenza a (H1n1) in Ukraine from the Point of Pathology],7439.pdf,/home/kana/.openclaw/workspace/repos/Sys_mcs/analysis/pdf_download/7439.pdf,https://liksprava.com/index.php/journal/article/download/690/609/,https://liksprava.com/index.php/journal/article/view/690,Likarska sprava publisher website,publisher open access; creative commons attribution 4.0 international (cc by 4.0),high,/home/kana/.openclaw/workspace/outputs/kana_backlog_v2/tasks/KANA-P0001-NS-02/downloads/found_pdfs/record_7439/record_7439.pdf
8209,[Illness due the Ebola virus: epidemiology and clinical manifestations within the context of an international public health emergency],8209.pdf,/home/kana/.openclaw/workspace/repos/Sys_mcs/analysis/pdf_download/8209.pdf,https://storage.imrpress.com/journal/RN/60/6/10.33588/rn.6006.2014414/pdf/d1bd695947777eb758883916d8982a58.pdf,https://doi.org/10.33588/rn.6006.2014414,Revista de Neurologia / IMR Press public PDF,publisher public pdf; open web access without credentials,high,/home/kana/.openclaw/workspace/outputs/kana_backlog_v2/tasks/KANA-P0001-NS-02/downloads/found_pdfs/record_8209/record_8209.pdf
8394,Perinatal health care in a conflict-affected setting: evaluation of health-care services and newborn outcomes at a regional medical centre in Iraq,8394.pdf,/home/kana/.openclaw/workspace/repos/Sys_mcs/analysis/pdf_download/8394.pdf,https://applications.emro.who.int/emhj/v20/12/EMHJ_2014_20_12_789_795.pdf,https://www.emro.who.int/emhj-vol-20-2014/volume-20-issue-12/perinatal-health-care-in-a-conflict-affected-setting-evaluation-of-health-care-services-and-newborn-outcomes-at-a-regional-medical-centre-in-iraq.html,WHO EMRO / Eastern Mediterranean Health Journal,publisher public pdf,high,/home/kana/.openclaw/workspace/outputs/kana_backlog_v2/tasks/KANA-P0001-NS-02/downloads/found_pdfs/record_8394/record_8394.pdf
12818,"Outbreak of Cerebrospinal Meningitis in Kebbi State, Nigeria",12818.pdf,/home/kana/.openclaw/workspace/repos/Sys_mcs/analysis/pdf_download/12818.pdf,https://pmc.ncbi.nlm.nih.gov/articles/PMC5598438/pdf/AIPM-15-23.pdf,https://pmc.ncbi.nlm.nih.gov/articles/PMC5598438/,PubMed Central / NCBI Open Access Subset,open access; cc by-nc 3.0,high,/home/kana/.openclaw/workspace/outputs/kana_backlog_v2/tasks/KANA-P0001-NS-02/downloads/found_pdfs/record_12818/record_12818.pdf
12859,Otolaryngological Presentations in Times of Terror: Profile from a Tertiary Health Center in North-Central Nigeria,12859.pdf,/home/kana/.openclaw/workspace/repos/Sys_mcs/analysis/pdf_download/12859.pdf,https://beat.sums.ac.ir/article_44387_0c7890175108a29ecdb7680e6607e566.pdf,https://beat.sums.ac.ir/article_44387.html,Bulletin of Emergency And Trauma publisher site,publisher open access / creative commons attribution-noncommercial 4.0 public article page,high,/home/kana/.openclaw/workspace/outputs/kana_backlog_v2/tasks/KANA-P0001-NS-02/downloads/found_pdfs/record_12859/record_12859.pdf
13083,Burden of acute respiratory disease of epidemic and pandemic potential in the WHO Eastern Mediterranean Region: A literature review,13083.pdf,/home/kana/.openclaw/workspace/repos/Sys_mcs/analysis/pdf_download/13083.pdf,https://applications.emro.who.int/emhj/v22/07/EMHJ_2016_22_07_509_522.pdf,https://www.emro.who.int/emhj-volume-22-2016/volume-22-issue-7/burden-of-acute-respiratory-disease-of-epidemic-and-pandemic-potential-in-the-who-eastern-mediterranean-region-a-literature-review.html,WHO Eastern Mediterranean Regional Office / Eastern Mediterranean Health Journal,publisher open access,high,/home/kana/.openclaw/workspace/outputs/kana_backlog_v2/tasks/KANA-P0001-NS-02/downloads/found_pdfs/record_13083/record_13083.pdf
13235,Monthly sulphadoxine-pyrimethamine combination versus daily proguanil for malaria chemoprophylaxis in sickle cell disease: a randomized controlled study at the Jos University Teaching Hospital,13235.pdf,/home/kana/.openclaw/workspace/repos/Sys_mcs/analysis/pdf_download/13235.pdf,https://www.ajol.info/index.php/njm/article/download/146308/135819,https://www.ajol.info/index.php/njm/article/view/146308,African Journals Online / Nigerian Journal of Medicine,lawful public publisher pdf,high,/home/kana/.openclaw/workspace/outputs/kana_backlog_v2/tasks/KANA-P0001-NS-02/downloads/found_pdfs/record_13235/record_13235.pdf
13334,Referral pattern of emergencies in obstetrics: Implications for defining scope of services and policy,13334.pdf,/home/kana/.openclaw/workspace/repos/Sys_mcs/analysis/pdf_download/13334.pdf,https://ecommons.aku.edu/cgi/viewcontent.cgi?article=1054&context=pakistan_fhs_mc_women_childhealth_obstet_gynaecol,https://ecommons.aku.edu/pakistan_fhs_mc_women_childhealth_obstet_gynaecol/55/,eCommons@AKU institutional repository,lawful public institutional repository pdf,high,/home/kana/.openclaw/workspace/outputs/kana_backlog_v2/tasks/KANA-P0001-NS-02/downloads/found_pdfs/record_13334/record_13334.pdf
14507,Pediatric Wartime Injuries in Afghanistan and Iraq: What Have We Learned?,14507.pdf,/home/kana/.openclaw/workspace/repos/Sys_mcs/analysis/pdf_download/14507.pdf,https://medcoe.army.mil/pfw-images/dbimages/Apr-Sept2016.pdf,https://medcoe.army.mil/the-medical-journal-archive/,U.S. Army Medical Center of Excellence / The Medical Journal archive,official public .mil issue pdf,high,/home/kana/.openclaw/workspace/outputs/kana_backlog_v2/tasks/KANA-P0001-NS-02/downloads/found_pdfs/record_14507/record_14507.pdf
14517,Dismounted Complex Blast Injuries Including Invasive Fungal Infections,14517.pdf,/home/kana/.openclaw/workspace/repos/Sys_mcs/analysis/pdf_download/14517.pdf,https://medcoe.army.mil/pfw-images/dbimages/Apr-Sept2016.pdf,https://medcoe.army.mil/the-medical-journal-archive/,"U.S. Army Medical Center of Excellence, The Medical Journal Archive",official public .mil journal archive pdf,high,/home/kana/.openclaw/workspace/outputs/kana_backlog_v2/tasks/KANA-P0001-NS-02/downloads/found_pdfs/record_14517/record_14517.pdf
14556,Collaborative Development and Results of a Nigerian Trauma Registry,14556.pdf,/home/kana/.openclaw/workspace/repos/Sys_mcs/analysis/pdf_download/14556.pdf,https://www.ncra-usa.org/Portals/68/PDFs/JRM_Spring_2016_43.1.pdf?ver=2017-07-27-152311-620,https://www.ncra-usa.org/About/Publications/Journal-of-Registry-Management/JRM-Library,National Cancer Registrars Association Journal of Registry Management Library,publisher public issue pdf; article pages extracted from lawful public pdf,high,/home/kana/.openclaw/workspace/outputs/kana_backlog_v2/tasks/KANA-P0001-NS-02/downloads/found_pdfs/record_14556/record_14556.pdf
15713,[Auto-expandable metal stent in the management of distal stomach cancer],15713.pdf,/home/kana/.openclaw/workspace/repos/Sys_mcs/analysis/pdf_download/15713.pdf,https://revistagastroperu.com/index.php/rgp/article/download/924/889,https://revistagastroperu.com/index.php/rgp/article/view/924/889,Revista de Gastroenterologia del Peru,journal public pdf,high,/home/kana/.openclaw/workspace/outputs/kana_backlog_v2/tasks/KANA-P0001-NS-02/downloads/found_pdfs/record_15713/record_15713.pdf
15894,"Outbreak Of Chikungunya Virus In Karachi, Pakistan",15894.pdf,/home/kana/.openclaw/workspace/repos/Sys_mcs/analysis/pdf_download/15894.pdf,https://jamc.ayubmed.edu.pk/index.php/jamc/article/download/2257/2012/15253,https://jamc.ayubmed.edu.pk/index.php/jamc/article/view/2257,Journal of Ayub Medical College Abbottabad publisher site,publisher open access; cc by-nd 4.0,high,/home/kana/.openclaw/workspace/outputs/kana_backlog_v2/tasks/KANA-P0001-NS-02/downloads/found_pdfs/record_15894/record_15894.pdf
16482,"Burden of Diseases and Injuries in Afghanistan, 1990-2016: Findings From the Global Burden of Disease 2016 Study",16482.pdf,/home/kana/.openclaw/workspace/repos/Sys_mcs/analysis/pdf_download/16482.pdf,https://journalaim.com/PDF/aim-21-324.pdf,https://journalaim.com/Article/aim-1928,Archives of Iranian Medicine / journalaim.com,publisher open access,high,/home/kana/.openclaw/workspace/outputs/kana_backlog_v2/tasks/KANA-P0001-NS-02/downloads/found_pdfs/record_16482/record_16482.pdf
17161,Burden of premature mortality caused by four main non-communicable diseases in Ukraine,17161.pdf,/home/kana/.openclaw/workspace/repos/Sys_mcs/analysis/pdf_download/17161.pdf,https://dspace.bsmu.edu.ua/bitstream/123456789/14142/1/BURDEN%20OF%20PREMATURE%20MORTALITY%20CAUSED.pdf,https://dspace.bsmu.edu.ua/handle/123456789/14142,DSpace BSMU repository,lawful public repository pdf,high,/home/kana/.openclaw/workspace/outputs/kana_backlog_v2/tasks/KANA-P0001-NS-02/downloads/found_pdfs/record_17161/record_17161.pdf
22195,Changes in health status of child population of Ukraine after Chernobyl catastrophe,22195.pdf,/home/kana/.openclaw/workspace/repos/Sys_mcs/analysis/pdf_download/22195.pdf,https://wiadlek.pl/wp-content/uploads/2020/02/WL-10-2019.pdf,https://wiadlek.pl/10-2019/,Wiadomosci Lekarskie publisher archive,public publisher issue pdf; extracted matching article pages 120-122,high,/home/kana/.openclaw/workspace/outputs/kana_backlog_v2/tasks/KANA-P0001-NS-02/downloads/found_pdfs/record_22195/record_22195.pdf
23502,Comparative analysis of the dynamics of modified risk factors of non-communicable diseases among the population of China and Ukraine,23502.pdf,/home/kana/.openclaw/workspace/repos/Sys_mcs/analysis/pdf_download/23502.pdf,https://repository.pdmu.edu.ua/server/api/core/bitstreams/dd6030b2-a89f-415c-92d0-84d1125f3d8d/content,https://repository.pdmu.edu.ua/items/9e598176-d0d5-45db-b527-e02686fb67d0,Poltava State Medical University repository (DSpace),open.access repository pdf,high,/home/kana/.openclaw/workspace/outputs/kana_backlog_v2/tasks/KANA-P0001-NS-02/downloads/found_pdfs/record_23502/record_23502.pdf
23688,Assessing Nutritional Status Of Critically Ill Patients Using Serum Prealbumin Levels,23688.pdf,/home/kana/.openclaw/workspace/repos/Sys_mcs/analysis/pdf_download/23688.pdf,https://ecommons.aku.edu/cgi/viewcontent.cgi?article=2178&context=pakistan_fhs_mc_pathol_microbiol,https://ecommons.aku.edu/pakistan_fhs_mc_pathol_microbiol/1179/,eCommons@AKU public repository,lawful public repository pdf,high,/home/kana/.openclaw/workspace/outputs/kana_backlog_v2/tasks/KANA-P0001-NS-02/downloads/found_pdfs/record_23688/record_23688.pdf
23853,[Endoscopic dilatation in a patient with achalasia during pregnancy: case report and review of the literature],23853.pdf,/home/kana/.openclaw/workspace/repos/Sys_mcs/analysis/pdf_download/23853.pdf,https://revistagastroperu.com/index.php/rgp/article/download/946/911/3985,https://revistagastroperu.com/index.php/rgp/article/view/946/0,Revista de Gastroenterologia del Peru,public journal pdf,high,/home/kana/.openclaw/workspace/outputs/kana_backlog_v2/tasks/KANA-P0001-NS-02/downloads/found_pdfs/record_23853/record_23853.pdf
29043,Suicide as an Indicator of the Public Mental Health in Ukraine (Including Period of Covid-19),29043.pdf,/home/kana/.openclaw/workspace/repos/Sys_mcs/analysis/pdf_download/29043.pdf,https://wiadlek.pl/wp-content/uploads/archive/2020/WLek202012208.pdf,https://pubmed.ncbi.nlm.nih.gov/33611276/,Wiadomosci Lekarskie / Aluna Publishing,publisher_public_pdf,high,/home/kana/.openclaw/workspace/outputs/kana_backlog_v2/tasks/KANA-P0001-NS-02/downloads/found_pdfs/record_29043/record_29043.pdf
30794,Battle Injury Patterns Sustained Noncombatant Military Occupational Specialty Service Members,30794.pdf,/home/kana/.openclaw/workspace/repos/Sys_mcs/analysis/pdf_download/30794.pdf,https://medcoe.army.mil/pfw-images/dbimages/Summer%202022%20FINAL%20DRAFT%20Press%20Quality%20Corrections%2020%20Apr%202022.pdf,https://medcoe.army.mil/the-medical-journal-archive/,U.S. Army Medical Center of Excellence The Medical Journal archive,official public .mil pdf,high,/home/kana/.openclaw/workspace/outputs/kana_backlog_v2/tasks/KANA-P0001-NS-02/downloads/found_pdfs/record_30794/record_30794.pdf
30795,Development of Data-Driven Triage Systems for Identifying Mortally Wounded Casualties-Implications for Future Large-Scale Combat Operations,30795.pdf,/home/kana/.openclaw/workspace/repos/Sys_mcs/analysis/pdf_download/30795.pdf,https://medcoe.army.mil/pfw-images/dbimages/Summer%202022%20FINAL%20DRAFT%20Press%20Quality%20Corrections%2020%20Apr%202022.pdf,https://medcoe.army.mil/the-medical-journal-archive/,U.S. Army Medical Center of Excellence The Medical Journal archive,lawful public official journal issue pdf,high,/home/kana/.openclaw/workspace/outputs/kana_backlog_v2/tasks/KANA-P0001-NS-02/downloads/found_pdfs/record_30795/record_30795.pdf
31026,Management of Pregnant Women with Covid-19 - Own Experience,31026.pdf,/home/kana/.openclaw/workspace/repos/Sys_mcs/analysis/pdf_download/31026.pdf,https://www.geomednews.com/Articles/2022/2_2022/38-47.pdf,https://geomednews.com/v323i2.html,Georgian Medical News,publisher public pdf,high,/home/kana/.openclaw/workspace/outputs/kana_backlog_v2/tasks/KANA-P0001-NS-02/downloads/found_pdfs/record_31026/record_31026.pdf
31122,Forecasting the daily deaths caused by COVID-19 using ARIMA model,31122.pdf,/home/kana/.openclaw/workspace/repos/Sys_mcs/analysis/pdf_download/31122.pdf,https://www.pjps.pk/uploads/pdfs/35/1/Paper-19.pdf,https://pubmed.ncbi.nlm.nih.gov/35221283/,Pakistan Journal of Pharmaceutical Sciences / PJPS publisher PDF,publisher_public_pdf,high,/home/kana/.openclaw/workspace/outputs/kana_backlog_v2/tasks/KANA-P0001-NS-02/downloads/found_pdfs/record_31122/record_31122.pdf
32672,"Onsite Triage, Pre-Hospital Management And Effective Hospital Transportation ""Where Do We Stand?""",32672.pdf,/home/kana/.openclaw/workspace/repos/Sys_mcs/analysis/pdf_download/32672.pdf,https://jamc.ayubmed.edu.pk/index.php/jamc/article/download/8119/3214/36608,https://jamc.ayubmed.edu.pk/index.php/jamc/article/view/8119,Journal of Ayub Medical College Abbottabad,publisher open access pdf,high,/home/kana/.openclaw/workspace/outputs/kana_backlog_v2/tasks/KANA-P0001-NS-02/downloads/found_pdfs/record_32672/record_32672.pdf
32681,Mortality and Injury in Ukraine as a Result of Traffic Accidents in Measuring of Public Health: To the Analysis of Social- Legal and Criminological Problem,32681.pdf,/home/kana/.openclaw/workspace/repos/Sys_mcs/analysis/pdf_download/32681.pdf,https://wiadlek.pl/wp-content/uploads/archive/2021/WLek2021112.pdf,https://ouci.dntb.gov.ua/en/works/lognzzEl/,Wiadomosci Lekarskie / ALUNA Publishing archive,publisher public archive pdf,high,/home/kana/.openclaw/workspace/outputs/kana_backlog_v2/tasks/KANA-P0001-NS-02/downloads/found_pdfs/record_32681/record_32681.pdf
33611,Sports Injuries among Deployed US Service Members between October 2001 and December 2018,33611.pdf,/home/kana/.openclaw/workspace/repos/Sys_mcs/analysis/pdf_download/33611.pdf,https://medcoe.army.mil/pfw-images/dbimages/FALL%202021%20S%20Correction.pdf,https://medcoe.army.mil/the-medical-journal-archive/,U.S. Army Medical Center of Excellence The Medical Journal archive,official public .mil issue pdf,high,/home/kana/.openclaw/workspace/outputs/kana_backlog_v2/tasks/KANA-P0001-NS-02/downloads/found_pdfs/record_33611/record_33611.pdf
34227,The Effect of Population Age and Climate on COVID-19 Morbidity and Mortality,34227.pdf,/home/kana/.openclaw/workspace/repos/Sys_mcs/analysis/pdf_download/34227.pdf,https://ima-files.s3.amazonaws.com/286120_aecbf4de-3774-4070-bc13-497ce5df76da.pdf,https://www.ima.org.il/MedicineIMAJ/ViewNewspaper.aspx?NewspaperId=264,Israel Medical Association Journal (IMAJ),publisher public full article pdf,high,/home/kana/.openclaw/workspace/outputs/kana_backlog_v2/tasks/KANA-P0001-NS-02/downloads/found_pdfs/record_34227/record_34227.pdf
35570,[Management of Acute Malnutrition in Children in a Sahelian Secondary Hospital],35570.pdf,/home/kana/.openclaw/workspace/repos/Sys_mcs/analysis/pdf_download/35570.pdf,https://www.malimedical.org/wp-content/uploads/2020/07/7_35_2_2020.pdf,https://pubmed.ncbi.nlm.nih.gov/37978770/,MALI MEDICAL publisher website,lawful public publisher pdf,high,/home/kana/.openclaw/workspace/outputs/kana_backlog_v2/tasks/KANA-P0001-NS-02/downloads/found_pdfs/record_35570/record_35570.pdf
35571,"[Surgery wound infection at surgery ""A"" department of the University Hospital Point G]",35571.pdf,/home/kana/.openclaw/workspace/repos/Sys_mcs/analysis/pdf_download/35571.pdf,https://www.malimedical.org/wp-content/uploads/2020/04/Infection-du-site-operatoire-dans-le-service-de-chirurgie-A-du-CHU-du-Point-G.pdf,https://pubmed.ncbi.nlm.nih.gov/37978763/,MALI MEDICAL,publisher_public_pdf,high,/home/kana/.openclaw/workspace/outputs/kana_backlog_v2/tasks/KANA-P0001-NS-02/downloads/found_pdfs/record_35571/record_35571.pdf
36806,Risk Factors of in-Hospital Infections Occurrence in Healthcare Institutions in Ukraine and Eu Countries,36806.pdf,/home/kana/.openclaw/workspace/repos/Sys_mcs/analysis/pdf_download/36806.pdf,https://geomednews.com/Articles/2023/3_2023/17-21.pdf,https://www.geomednews.com/v336i3.html,Georgian Medical News publisher website,public publisher pdf,high,/home/kana/.openclaw/workspace/outputs/kana_backlog_v2/tasks/KANA-P0001-NS-02/downloads/found_pdfs/record_36806/record_36806.pdf
37100,"Effect of COVID-19 Pandemic on Utilization of Paediatric Health Services at the Federal Medical Centre, Asaba, Nigeria",37100.pdf,/home/kana/.openclaw/workspace/repos/Sys_mcs/analysis/pdf_download/37100.pdf,https://www.wajmed.com/index.php/wajmed/article/download/494/258/525,https://www.wajmed.com/index.php/wajmed/article/view/494,West African Journal of Medicine official OJS site,publisher public pdf,high,/home/kana/.openclaw/workspace/outputs/kana_backlog_v2/tasks/KANA-P0001-NS-02/downloads/found_pdfs/record_37100/record_37100.pdf
40601,Inter-State Transmission of Lassa Fever during the 2015-2016 Lassa Outbreak in Nigeria: An Implication for Infection Prevention and Control Practices,40601.pdf,/home/kana/.openclaw/workspace/repos/Sys_mcs/analysis/pdf_download/40601.pdf,https://wajmed.com/index.php/wajmed/article/download/561/319,https://wajmed.com/index.php/wajmed/article/view/561,West Africa Journal of Medicine official site,publisher public pdf,high,/home/kana/.openclaw/workspace/outputs/kana_backlog_v2/tasks/KANA-P0001-NS-02/downloads/found_pdfs/record_40601/record_40601.pdf
41608,"Lassa Fever in Internally-Displaced Persons' Camp: A Case Report at Zabarmari, Borno State, Nigeria",41608.pdf,/home/kana/.openclaw/workspace/repos/Sys_mcs/analysis/pdf_download/41608.pdf,https://pmc.ncbi.nlm.nih.gov/articles/PMC11205715/pdf/AIPM-22-94.pdf,https://pmc.ncbi.nlm.nih.gov/articles/PMC11205715/,PubMed Central / Annals of Ibadan Postgraduate Medicine,"publisher open access via pmc, cc by-nc",high,/home/kana/.openclaw/workspace/outputs/kana_backlog_v2/tasks/KANA-P0001-NS-02/downloads/found_pdfs/record_41608/record_41608.pdf
42056,The Pattern of Cardiac Disease Admissions and Outcomes among Medical Admissions in St. Paul Hospital Millennium Medical College: A Retrospective Study,42056.pdf,/home/kana/.openclaw/workspace/repos/Sys_mcs/analysis/pdf_download/42056.pdf,https://europepmc.org/articles/PMC11185806?pdf=render,https://europepmc.org/article/PMC/PMC11185806,Europe PMC / PubMed Central,open access repository pdf (creative commons attribution-noncommercial-sharealike 4.0 license stated in pdf),high,/home/kana/.openclaw/workspace/outputs/kana_backlog_v2/tasks/KANA-P0001-NS-02/downloads/found_pdfs/record_42056/record_42056.pdf
43196,Impact of COVID-19 on population health and economic wellbeing in Ethiopia: A national pilot survey,43196.pdf,/home/kana/.openclaw/workspace/repos/Sys_mcs/analysis/pdf_download/43196.pdf,https://emjema.org/index.php/EMJ/article/download/2133/817,https://emjema.org/index.php/EMJ/article/view/2133,Ethiopian Medical Journal publisher page,publisher open access; creative commons attribution-noncommercial-noderivatives 4.0 international license,high,/home/kana/.openclaw/workspace/outputs/kana_backlog_v2/tasks/KANA-P0001-NS-02/downloads/found_pdfs/record_43196/record_43196.pdf
46366,[Aortic Dissection In The Cardiology Department Of The Point G University Hospital (Mali): Cardiovascular Emergency About 4 Observations],46366.pdf,/home/kana/.openclaw/workspace/repos/Sys_mcs/analysis/pdf_download/46366.pdf,https://www.malimedical.org/wp-content/uploads/2024/11/12_39_3_2024.pdf,https://pubmed.ncbi.nlm.nih.gov/39584637/,MALI MEDICAL,public publisher pdf,high,/home/kana/.openclaw/workspace/outputs/kana_backlog_v2/tasks/KANA-P0001-NS-02/downloads/found_pdfs/record_46366/record_46366.pdf
46607,"[Predictors Of Early Mortality During Hospitalization Of Severe Acute Malnourished Children Aged 0-59 Months At CHU Souro SANOU, Bobo-Dioulasso]",46607.pdf,/home/kana/.openclaw/workspace/repos/Sys_mcs/analysis/pdf_download/46607.pdf,https://www.malimedical.org/wp-content/uploads/2024/04/5_39_1_2024.pdf,https://pubmed.ncbi.nlm.nih.gov/39584615/,Mali Medical / malimedical.org publisher PDF,lawful public publisher pdf,high,/home/kana/.openclaw/workspace/outputs/kana_backlog_v2/tasks/KANA-P0001-NS-02/downloads/found_pdfs/record_46607/record_46607.pdf
48645,A Statistical Approach to the High Mortality Rate of Israeli Citizens Held Hostage in Gaza,48645.pdf,/home/kana/.openclaw/workspace/repos/Sys_mcs/analysis/pdf_download/48645.pdf,https://ima-files.s3.amazonaws.com/562462_c6373a9f-458a-4e48-adad-d30c0d13d97e.pdf,https://www.ima.org.il/MedicineIMAJ/Article.aspx?aId=6435,Israel Medical Association Journal (IMAJ) publisher page,lawful public publisher pdf,high,/home/kana/.openclaw/workspace/outputs/kana_backlog_v2/tasks/KANA-P0001-NS-02/downloads/found_pdfs/record_48645/record_48645.pdf
51491,PPH prevention and treatment-public health approaches in under-resourced areas,51491.pdf,/home/kana/.openclaw/workspace/repos/Sys_mcs/analysis/pdf_download/51491.pdf,https://www.diva-portal.org/smash/get/diva2%3A868942/FULLTEXT01.pdf,https://obgyn.onlinelibrary.wiley.com/doi/pdf/10.1016/S0020-7292%2815%2930002-3,"DIVA portal public repository copy of International Journal of Gynecology and Obstetrics 131, Suppl. 5 (2015) FIGO abstract supplement",lawful public repository pdf,high,/home/kana/.openclaw/workspace/outputs/kana_backlog_v2/tasks/KANA-P0001-NS-02/downloads/found_pdfs/record_51491/record_51491.pdf
51729,Feasibility of using world health organization standard verbal autopsy to assess causes of neonatal and postneonatal death in Enugu Nigeria,51729.pdf,/home/kana/.openclaw/workspace/repos/Sys_mcs/analysis/pdf_download/51729.pdf,https://annalsofglobalhealth.org/articles/1792/files/submission/proof/1792-1-3687-1-10-20180706.pdf,https://annalsofglobalhealth.org/articles/10.1016/j.aogh.2015.02.776,Annals of Global Health,publisher open access pdf; landing page metadata states cc by 4.0,high,/home/kana/.openclaw/workspace/outputs/kana_backlog_v2/tasks/KANA-P0001-NS-02/downloads/found_pdfs/record_51729/record_51729.pdf
52086,Acceptability of theoretical implementation of minimally invasive autopsies in different cultural and geographical contexts,52086.pdf,/home/kana/.openclaw/workspace/repos/Sys_mcs/analysis/pdf_download/52086.pdf,https://journals.plos.org/plosmedicine/article/file?id=10.1371/journal.pmed.1002172&type=printable,https://journals.plos.org/plosmedicine/article?id=10.1371/journal.pmed.1002172,PLOS Medicine,open_access,medium,/home/kana/.openclaw/workspace/outputs/kana_backlog_v2/tasks/KANA-P0001-NS-02/downloads/found_pdfs/record_52086/record_52086.pdf
52234,Does market access protect children against poor health conditions at birth?,52234.pdf,/home/kana/.openclaw/workspace/repos/Sys_mcs/analysis/pdf_download/52234.pdf,https://bpb-us-e1.wpmucdn.com/sites.tufts.edu/dist/0/126/files/2010/07/MarketAccessChildHealth_Revised5Nov2014.pdf,https://faseb.onlinelibrary.wiley.com/doi/abs/10.1096/fasebj.29.1_supplement.898.22,Tufts University author-hosted PDF / sites.tufts.edu WordPress CDN; publisher landing page at FASEB Journal,lawful public author manuscript / working paper pdf; first page permits verbatim non-commercial copies with copyright notice,high,/home/kana/.openclaw/workspace/outputs/kana_backlog_v2/tasks/KANA-P0001-NS-02/downloads/found_pdfs/record_52234/record_52234.pdf
52869,First report of colombian registry for hereditary angioedema,52869.pdf,/home/kana/.openclaw/workspace/repos/Sys_mcs/analysis/pdf_download/52869.pdf,https://bibliotecadigital.udea.edu.co/server/api/core/bitstreams/171ba43e-ba2c-4ec2-82cb-b9bd63782662/content,https://bibliotecadigital.udea.edu.co/entities/publication/ed7544e7-ebee-4b1c-beaf-a8b9d22dc224,Universidad de Antioquia Digital Library / DSpace repository,lawful public repository pdf,high,/home/kana/.openclaw/workspace/outputs/kana_backlog_v2/tasks/KANA-P0001-NS-02/downloads/found_pdfs/record_52869/record_52869.pdf
52887,Proceedings of the African Field Epidemiology Network (AFENET) ScientificConference,52887.pdf,/home/kana/.openclaw/workspace/repos/Sys_mcs/analysis/pdf_download/52887.pdf,https://www.panafrican-med-journal.com/content/article/21/208/pdf/208.pdf,https://www.panafrican-med-journal.com/content/article/21/208/full/,Pan African Medical Journal,publisher open access; creative commons attribution,high,/home/kana/.openclaw/workspace/outputs/kana_backlog_v2/tasks/KANA-P0001-NS-02/downloads/found_pdfs/record_52887/record_52887.pdf
53001,Maternal and foetal outcomes among sickle cell disease patients in lagos Nigeria,53001.pdf,/home/kana/.openclaw/workspace/repos/Sys_mcs/analysis/pdf_download/53001.pdf,https://www.tjog.org/index.php/tjog/article/download/30/33,https://www.tjog.org/index.php/tjog/article/view/30,Tropical Journal of Obstetrics and Gynaecology,publisher open access,medium,/home/kana/.openclaw/workspace/outputs/kana_backlog_v2/tasks/KANA-P0001-NS-02/downloads/found_pdfs/record_53001/record_53001.pdf
53277,Differences between leaders and non-leaders in small-scale warfare and implications for collective action,53277.pdf,/home/kana/.openclaw/workspace/repos/Sys_mcs/analysis/pdf_download/53277.pdf,https://bioanth.org/wp-content/uploads/2024/02/2015_AAPA_meetings_supp.pdf,https://bioanth.org/wp-content/uploads/2024/02/2015_AAPA_meetings_supp.pdf,American Association of Biological Anthropologists / American Journal of Physical Anthropology 2015 AAPA meeting supplement,lawful public pdf; open meeting supplement hosted by bioanth.org,high,/home/kana/.openclaw/workspace/outputs/kana_backlog_v2/tasks/KANA-P0001-NS-02/downloads/found_pdfs/record_53277/record_53277.pdf
53597,Rapid prevention of maternal mortality and obstetric fistula-innovative approaches from Niger,53597.pdf,/home/kana/.openclaw/workspace/repos/Sys_mcs/analysis/pdf_download/53597.pdf,https://www.diva-portal.org/smash/get/diva2%3A868942/FULLTEXT01.pdf,https://www.diva-portal.org/smash/record.jsf?pid=diva2:868942,"DiVA portal public repository copy of International Journal of Gynecology and Obstetrics 131, Suppl. 5 (2015) invited presentations/proceedings",lawful public repository pdf,high,/home/kana/.openclaw/workspace/outputs/kana_backlog_v2/tasks/KANA-P0001-NS-02/downloads/found_pdfs/record_53597/record_53597.pdf
54248,A study on the effects of malnutrition on pediatric pneumonia patients,54248.pdf,/home/kana/.openclaw/workspace/repos/Sys_mcs/analysis/pdf_download/54248.pdf,http://www.pakpedsjournal.org.pk/download.aspx?id=MjU4,http://www.pakpedsjournal.org.pk/Journals.aspx,Pakistan Pediatric Journal official archive,publisher public pdf download,high,/home/kana/.openclaw/workspace/outputs/kana_backlog_v2/tasks/KANA-P0001-NS-02/downloads/found_pdfs/record_54248/record_54248.pdf
55359,Impact of ALSO australasia on pph-related maternal mortality on the thailand-myanmar border in a population based cohort study,55359.pdf,/home/kana/.openclaw/workspace/repos/Sys_mcs/analysis/pdf_download/55359.pdf,https://ora.ox.ac.uk/objects/uuid%3Af5984cfa-b8f0-48c9-b4c6-f90fdf91a353/files/m634016d82e017fa697ad16c2ef9c2438,https://ora.ox.ac.uk/objects/uuid%3Af5984cfa-b8f0-48c9-b4c6-f90fdf91a353,Oxford University Research Archive,public repository accepted manuscript pdf,high,/home/kana/.openclaw/workspace/outputs/kana_backlog_v2/tasks/KANA-P0001-NS-02/downloads/found_pdfs/record_55359/record_55359.pdf
55452,Comparison of NephroCheck(R) and Neutrophil Gelatinase-Associated Lipocalin for Risk Prediction in Combat Casualties,55452.pdf,/home/kana/.openclaw/workspace/repos/Sys_mcs/analysis/pdf_download/55452.pdf,https://www.asn-online.org/education/kidneyweek/archives/KW16Abstracts.pdf,https://www.asn-online.org/education/kidneyweek/archives.aspx,ASN Kidney Week 2016 Abstract Supplement,lawful public conference abstract supplement pdf,high,/home/kana/.openclaw/workspace/outputs/kana_backlog_v2/tasks/KANA-P0001-NS-02/downloads/found_pdfs/record_55452/record_55452.pdf
55498,Mortality in HIV+ men and women investigated for TB at ethiopian health centers,55498.pdf,/home/kana/.openclaw/workspace/repos/Sys_mcs/analysis/pdf_download/55498.pdf,https://www.croiconference.org/wp-content/uploads/sites/2/posters/2016/744.pdf,https://user-degqumh.cld.bz/CROI-2016-Program-at-a-Glance/71/,CROI Conference 2016 poster 744,public conference poster pdf,high,/home/kana/.openclaw/workspace/outputs/kana_backlog_v2/tasks/KANA-P0001-NS-02/downloads/found_pdfs/record_55498/record_55498.pdf
56512,Urgent versus post-stabilization art in hospitalized children: A randomized trial,56512.pdf,/home/kana/.openclaw/workspace/repos/Sys_mcs/analysis/pdf_download/56512.pdf,https://pmc.ncbi.nlm.nih.gov/articles/PMC5777310/pdf/nihms922380.pdf,https://pmc.ncbi.nlm.nih.gov/articles/PMC5777310/,PubMed Central,lawful public pmc author manuscript/free full text,high,/home/kana/.openclaw/workspace/outputs/kana_backlog_v2/tasks/KANA-P0001-NS-02/downloads/found_pdfs/record_56512/record_56512.pdf
57705,Pattern and outcome of pediatric admissions in a tertiary care hospital Multan,57705.pdf,/home/kana/.openclaw/workspace/repos/Sys_mcs/analysis/pdf_download/57705.pdf,http://www.pakpedsjournal.org.pk/download.aspx?id=MzQ3,http://www.pakpedsjournal.org.pk/Journals.aspx,Pakistan Pediatric Journal public archive,publisher_public_archive,high,/home/kana/.openclaw/workspace/outputs/kana_backlog_v2/tasks/KANA-P0001-NS-02/downloads/found_pdfs/record_57705/record_57705.pdf
57737,South Sudan: A clinical severity scoring system for visceral leishmaniasis in HIV negative patients,57737.pdf,/home/kana/.openclaw/workspace/repos/Sys_mcs/analysis/pdf_download/57737.pdf,https://journals.plos.org/plosntds/article/file?id=10.1371/journal.pntd.0005921&type=printable,https://journals.plos.org/plosntds/article?id=10.1371%2Fjournal.pntd.0005921,PLOS Neglected Tropical Diseases,"publisher open access pdf, creative commons attribution license",high,/home/kana/.openclaw/workspace/outputs/kana_backlog_v2/tasks/KANA-P0001-NS-02/downloads/found_pdfs/record_57737/record_57737.pdf
57739,"Severe malaria and risk factors associated to the lethality in children admitted in Jason Sendwe Hospital, Democratic Republic of the Congo",57739.pdf,/home/kana/.openclaw/workspace/repos/Sys_mcs/analysis/pdf_download/57739.pdf,https://orbi.uliege.be/bitstream/2268/267179/1/Tropical%20Med%20Int%20Health%20-%202017%20-%20%20-%20Poster%20Sessions.pdf,https://orbi.uliege.be/handle/2268/267179,ORBi University of Liege repository / Tropical Medicine & International Health 2017 Poster Sessions supplement,lawful public repository pdf,high,/home/kana/.openclaw/workspace/outputs/kana_backlog_v2/tasks/KANA-P0001-NS-02/downloads/found_pdfs/record_57739/record_57739.pdf
57775,The effects of natural disasters on the health of the people of Caribbean countries in the 20th and 21st Centuries,57775.pdf,/home/kana/.openclaw/workspace/repos/Sys_mcs/analysis/pdf_download/57775.pdf,https://www.mona.uwi.edu/fms/wimj/system/files/article_pdfs/carpha_2017_poster_abstracts_presentations_38-58.qxd_.pdf,https://www.mona.uwi.edu/fms/wimj/article/3405,"West Indian Medical Journal / The University of the West Indies, Mona",publisher_open_access,high,/home/kana/.openclaw/workspace/outputs/kana_backlog_v2/tasks/KANA-P0001-NS-02/downloads/found_pdfs/record_57775/record_57775.pdf
57817,Lessons from South Sudan: Tribal conflicts and outbreaks of infectious diseases internally displace populations,57817.pdf,/home/kana/.openclaw/workspace/repos/Sys_mcs/analysis/pdf_download/57817.pdf,https://pmc.ncbi.nlm.nih.gov/articles/instance/7134737/pdf/main.pdf,https://pmc.ncbi.nlm.nih.gov/articles/PMC7134737/,PubMed Central / Elsevier PMC COVID-19 Collection; International Journal of Antimicrobial Agents,lawful public pdf via pmc/elsevier covid-19 collection; no institutional credentials or proxy used,high,/home/kana/.openclaw/workspace/outputs/kana_backlog_v2/tasks/KANA-P0001-NS-02/downloads/found_pdfs/record_57817/record_57817.pdf
57849,Attacks on hospitals and healthcare workers in syria: A cry for international health neutrality,57849.pdf,/home/kana/.openclaw/workspace/repos/Sys_mcs/analysis/pdf_download/57849.pdf,https://annalsofglobalhealth.org/articles/270/files/submission/proof/270-1-614-1-10-20180523.pdf,https://annalsofglobalhealth.org/articles/10.1016/j.aogh.2017.03.027,Annals of Global Health,publisher public pdf,high,/home/kana/.openclaw/workspace/outputs/kana_backlog_v2/tasks/KANA-P0001-NS-02/downloads/found_pdfs/record_57849/record_57849.pdf
57858,Entomological surveillance of malaria in burundi: An important step for the success of vector control strategies,57858.pdf,/home/kana/.openclaw/workspace/repos/Sys_mcs/analysis/pdf_download/57858.pdf,https://mesamalaria.org/wp-content/uploads/2018/12/ASTMH-2017-Abstract-Book.pdf,https://mesamalaria.org/resource-hub/astmh-2017-abstract-book,MESA Malaria Knowledge Hub / ASTMH 2017 Abstract Book,lawful public abstract book pdf,high,/home/kana/.openclaw/workspace/outputs/kana_backlog_v2/tasks/KANA-P0001-NS-02/downloads/found_pdfs/record_57858/record_57858.pdf
58322,War-related injuries and surgical procedures in Syria,58322.pdf,/home/kana/.openclaw/workspace/repos/Sys_mcs/analysis/pdf_download/58322.pdf,https://annalsofglobalhealth.org/articles/425/files/submission/proof/425-1-933-1-10-20180528.pdf,https://annalsofglobalhealth.org/articles/10.1016/j.aogh.2017.03.182,Annals of Global Health,publisher_open_access,high,/home/kana/.openclaw/workspace/outputs/kana_backlog_v2/tasks/KANA-P0001-NS-02/downloads/found_pdfs/record_58322/record_58322.pdf
58330,Malaria disaster in venezuela: Time for actions,58330.pdf,/home/kana/.openclaw/workspace/repos/Sys_mcs/analysis/pdf_download/58330.pdf,https://horizon.documentation.ird.fr/exl-doc/pleins_textes/divers20-08/010072315.pdf,,IRD Horizon documentation repository PDF; PDF page footer indicates astmh.org abstract-book content,lawful public repository pdf,high,/home/kana/.openclaw/workspace/outputs/kana_backlog_v2/tasks/KANA-P0001-NS-02/downloads/found_pdfs/record_58330/record_58330.pdf
58348,The association of cholera outbreak with conflict-related factors in Yemen,58348.pdf,/home/kana/.openclaw/workspace/repos/Sys_mcs/analysis/pdf_download/58348.pdf,https://pmc.ncbi.nlm.nih.gov/articles/PMC7169833/pdf/,https://pmc.ncbi.nlm.nih.gov/articles/PMC7169833/,PubMed Central / Tropical Medicine & International Health,"lawful public pmc pdf; no credentials, proxy, sci-hub, libgen, or private files used",high,/home/kana/.openclaw/workspace/outputs/kana_backlog_v2/tasks/KANA-P0001-NS-02/downloads/found_pdfs/record_58348/record_58348.pdf
58467,Demographic and contextual factors associated with HIV mortality in an African cohort in East Africa and Nigeria,58467.pdf,/home/kana/.openclaw/workspace/repos/Sys_mcs/analysis/pdf_download/58467.pdf,https://mesamalaria.org/wp-content/uploads/2018/12/ASTMH-2017-Abstract-Book.pdf,https://mesamalaria.org/resource-hub/astmh-2017-annual-meeting-abstract-book/,MESA Malaria Knowledge Hub / ASTMH 2017 Annual Meeting Abstract Book,lawful public abstract book pdf,high,/home/kana/.openclaw/workspace/outputs/kana_backlog_v2/tasks/KANA-P0001-NS-02/downloads/found_pdfs/record_58467/record_58467.pdf
58522,"Biogeography of trypanosoma Cruzi in Arequipa, Peru",58522.pdf,/home/kana/.openclaw/workspace/repos/Sys_mcs/analysis/pdf_download/58522.pdf,https://mesamalaria.org/wp-content/uploads/2018/12/ASTMH-2017-Abstract-Book.pdf,https://mesamalaria.org/resource-hub/astmh-2017-annual-meeting-abstract-book/,"ASTMH 2017 Annual Meeting Abstract Book / American Journal of Tropical Medicine and Hygiene supplement, mirrored by MESA",public abstract book pdf,high,/home/kana/.openclaw/workspace/outputs/kana_backlog_v2/tasks/KANA-P0001-NS-02/downloads/found_pdfs/record_58522/record_58522.pdf
58629,Contribution of community health workers towards estimating the global mortality rate in rural Eastern DR Congo: A household-based survey,58629.pdf,/home/kana/.openclaw/workspace/repos/Sys_mcs/analysis/pdf_download/58629.pdf,https://dipot.ulb.ac.be/dspace/bitstream/2013/352435/4/Tropical_Med_Int_Health_2017_Poster_Sessions.pdf,https://doi.org/10.1111/tmi.12979,Universite libre de Bruxelles DI-fusion repository; Wiley Tropical Medicine & International Health supplement metadata,lawful public repository pdf,high,/home/kana/.openclaw/workspace/outputs/kana_backlog_v2/tasks/KANA-P0001-NS-02/downloads/found_pdfs/record_58629/record_58629.pdf
58694,"Investigation and prevention against Monkeypox in Mefou Primate Sanctuary, Cameroon, 2016",58694.pdf,/home/kana/.openclaw/workspace/repos/Sys_mcs/analysis/pdf_download/58694.pdf,https://pmc.ncbi.nlm.nih.gov/articles/PMC7169833/pdf/TMI-22-2.pdf,https://pmc.ncbi.nlm.nih.gov/articles/PMC7169833/,PubMed Central / Tropical Medicine & International Health (Wiley),lawful public full-text pdf via pubmed central,high,/home/kana/.openclaw/workspace/outputs/kana_backlog_v2/tasks/KANA-P0001-NS-02/downloads/found_pdfs/record_58694/record_58694.pdf
58726,Attacks on health facilities as an indicator of the human cost of conflict in syria,58726.pdf,/home/kana/.openclaw/workspace/repos/Sys_mcs/analysis/pdf_download/58726.pdf,https://annalsofglobalhealth.org/articles/493/files/submission/proof/493-1-1069-1-10-20180529.pdf,https://annalsofglobalhealth.org/articles/10.1016/j.aogh.2017.03.254,Annals of Global Health / Ubiquity Press,"publisher open access pdf, cc by 4.0",high,/home/kana/.openclaw/workspace/outputs/kana_backlog_v2/tasks/KANA-P0001-NS-02/downloads/found_pdfs/record_58726/record_58726.pdf
58814,Uptake and retention in care of pregnant women starting option B+ in maputo,58814.pdf,/home/kana/.openclaw/workspace/repos/Sys_mcs/analysis/pdf_download/58814.pdf,https://www.croiconference.org/wp-content/uploads/sites/2/posters/2017/766_Karajeanes.pdf,https://www.croiconference.org/wp-content/uploads/sites/2/posters/2017/766_Karajeanes.pdf,CROI Conference,lawful public conference poster pdf,high,/home/kana/.openclaw/workspace/outputs/kana_backlog_v2/tasks/KANA-P0001-NS-02/downloads/found_pdfs/record_58814/record_58814.pdf
58835,Policy review on the management of pre-eclampsia and eclampsia by community health workers in mozambique,58835.pdf,/home/kana/.openclaw/workspace/repos/Sys_mcs/analysis/pdf_download/58835.pdf,https://link.springer.com/content/pdf/10.1186/s12960-019-0353-9.pdf,https://link.springer.com/article/10.1186/s12960-019-0353-9,"Springer Nature / BioMed Central, Human Resources for Health",open_access_publisher_pdf,high,/home/kana/.openclaw/workspace/outputs/kana_backlog_v2/tasks/KANA-P0001-NS-02/downloads/found_pdfs/record_58835/record_58835.pdf
58858,Visceral leishmaniasis in Syria: A silent killer uncovered,58858.pdf,/home/kana/.openclaw/workspace/repos/Sys_mcs/analysis/pdf_download/58858.pdf,https://mesamalaria.org/wp-content/uploads/2018/12/ASTMH-2017-Abstract-Book.pdf,https://mesamalaria.org/resource-hub/astmh-2017-annual-meeting-abstract-book/,MESA resource page for the ASTMH 2017 Annual Meeting Abstract Book; source listed as American Society of Tropical Medicine and Hygiene,lawful public pdf of ajtmh/astmh 2017 abstract supplement,high,/home/kana/.openclaw/workspace/outputs/kana_backlog_v2/tasks/KANA-P0001-NS-02/downloads/found_pdfs/record_58858/record_58858.pdf
58985,"Impact of nutritional status on pediatric patients aged from 6 to 59 month hospitalized for suspected invasive bacterial infections at Chu-Gt, Bamako, Mali",58985.pdf,/home/kana/.openclaw/workspace/repos/Sys_mcs/analysis/pdf_download/58985.pdf,https://mesamalaria.org/wp-content/uploads/2018/12/ASTMH-2017-Abstract-Book.pdf,https://mesamalaria.org/resource-hub/astmh-2017-annual-meeting-abstract-book/,MESA Malaria Resource Hub / ASTMH 2017 Annual Meeting Abstract Book,lawful public pdf,high,/home/kana/.openclaw/workspace/outputs/kana_backlog_v2/tasks/KANA-P0001-NS-02/downloads/found_pdfs/record_58985/record_58985.pdf
59056,A randomized trial of ready-to-use supplementary food at art initiation in Africa,59056.pdf,/home/kana/.openclaw/workspace/repos/Sys_mcs/analysis/pdf_download/59056.pdf,https://www.iasusa.org/wp-content/uploads/2017/04/apr_2017.pdf,https://www.croiwebcasts.org/s/2017croi/O-10,IAS-USA / Topics in Antiviral Medicine CROI 2017 abstracts PDF,lawful public conference abstract pdf,high,/home/kana/.openclaw/workspace/outputs/kana_backlog_v2/tasks/KANA-P0001-NS-02/downloads/found_pdfs/record_59056/record_59056.pdf
59498,"The start-up of the first HSCT center in the Iraqi Kurdistan. A cooperative project by the Hiwa Cancer Hospital, Sulaymaniyah, and the Italian Agency for Development Cooperation",59498.pdf,/home/kana/.openclaw/workspace/repos/Sys_mcs/analysis/pdf_download/59498.pdf,https://www.mjhid.org/mjhid/article/download/2017.031/pdf,https://www.mjhid.org/mjhid/article/view/2017.031,Mediterranean Journal of Hematology and Infectious Diseases publisher site,publisher open access pdf,high,/home/kana/.openclaw/workspace/outputs/kana_backlog_v2/tasks/KANA-P0001-NS-02/downloads/found_pdfs/record_59498/record_59498.pdf
59878,Strategies to achieve 90-90-90: Modeling insights from Zimbabwe,59878.pdf,/home/kana/.openclaw/workspace/repos/Sys_mcs/analysis/pdf_download/59878.pdf,https://www.iasusa.org/wp-content/uploads/2017/04/25-1s-4s.pdf,https://www.croiwebcasts.org/s/2017croi/O-10,IAS-USA / Topics in Antiviral Medicine CROI 2017 abstract supplement,lawful public open-access conference abstract pdf,high,/home/kana/.openclaw/workspace/outputs/kana_backlog_v2/tasks/KANA-P0001-NS-02/downloads/found_pdfs/record_59878/record_59878.pdf
60346,Spectrum of firearm fatalities in Larkana region,60346.pdf,/home/kana/.openclaw/workspace/repos/Sys_mcs/analysis/pdf_download/60346.pdf,https://medicalforummonthly.com/index.php/mfm/article/download/3514/3038/5988,https://medicalforummonthly.com/index.php/mfm/article/view/3514,Medical Forum Monthly publisher OJS,publisher open access; site footer indicates creative commons attribution-noncommercial 4.0 international license,high,/home/kana/.openclaw/workspace/outputs/kana_backlog_v2/tasks/KANA-P0001-NS-02/downloads/found_pdfs/record_60346/record_60346.pdf
61344,Investigating the contribution of severe malnutrition to child mortality among children aged 6-59 months through the child health and mortality prevention surveillance (champs) network,61344.pdf,/home/kana/.openclaw/workspace/repos/Sys_mcs/analysis/pdf_download/61344.pdf,https://orbi.uliege.be/bitstream/2268/267178/1/%255B14761645%2520-%2520The%2520American%2520Journal%2520of%2520Tropical%2520Medicine%2520and%2520Hygiene%255D%2520Abstract%2520Book.pdf,https://orbi.uliege.be/handle/2268/267178,ORBi public repository copy of the American Journal of Tropical Medicine and Hygiene / ASTMH 2018 abstract book,lawful public repository pdf; publisher postprint abstract book,high,/home/kana/.openclaw/workspace/outputs/kana_backlog_v2/tasks/KANA-P0001-NS-02/downloads/found_pdfs/record_61344/record_61344.pdf
61510,"High HIV-related tuberculosis risk in counties with low HIV prevalence- Kenya, 2015",61510.pdf,/home/kana/.openclaw/workspace/repos/Sys_mcs/analysis/pdf_download/61510.pdf,https://www.croiconference.org/wp-content/uploads/sites/2/posters/2018/1430_Achwoka_1112.pdf,https://www.croiconference.org/wp-content/uploads/sites/2/2020/02/croi-conference-croi2018-program-and-information.pdf,CROI Conference,public conference poster pdf,high,/home/kana/.openclaw/workspace/outputs/kana_backlog_v2/tasks/KANA-P0001-NS-02/downloads/found_pdfs/record_61510/record_61510.pdf
61697,Outcomes of patients lost to follow-up in African ART programs: Multi-cohort study,61697.pdf,/home/kana/.openclaw/workspace/repos/Sys_mcs/analysis/pdf_download/61697.pdf,https://www.croiconference.org/wp-content/uploads/sites/2/posters/2018/1430_Egger_1099.pdf,https://www.croiconference.org/wp-content/uploads/sites/2/posters/2018/1430_Egger_1099.pdf,CROI Conference public poster PDF,public conference-hosted pdf,high,/home/kana/.openclaw/workspace/outputs/kana_backlog_v2/tasks/KANA-P0001-NS-02/downloads/found_pdfs/record_61697/record_61697.pdf
61787,Clinical features and outcome of malaria in children suffering from sickle cell disease: A retrospective description of 35 cases,61787.pdf,/home/kana/.openclaw/workspace/repos/Sys_mcs/analysis/pdf_download/61787.pdf,https://orbi.uliege.be/bitstream/2268/267178/1/%255B14761645%2520-%2520The%2520American%2520Journal%2520of%2520Tropical%2520Medicine%2520and%2520Hygiene%255D%2520Abstract%2520Book.pdf,https://www.ajtmh.org/downloadpdf/journals/tpmd/99/4_Suppl/article-p1_a.pdf,ORBi repository copy of American Journal of Tropical Medicine and Hygiene 2018 ASTMH Annual Meeting Abstract Book,lawful public repository pdf,high,/home/kana/.openclaw/workspace/outputs/kana_backlog_v2/tasks/KANA-P0001-NS-02/downloads/found_pdfs/record_61787/record_61787.pdf
61915,"Causes of death among children under 5 years and stillbirths, child health and mortality prevention surveillance (CHAMPS) network, December 2016-June 2018",61915.pdf,/home/kana/.openclaw/workspace/repos/Sys_mcs/analysis/pdf_download/61915.pdf,https://d1lx8xdon3af7k.cloudfront.net//2018-Abstract-Book-FINAL-11-13.pdf,https://www.astmh.org/annual-meeting/past-meeting,ASTMH 67th Annual Meeting Abstract Book / American Journal of Tropical Medicine and Hygiene volume 99 issue 4 supplement,lawful public abstract-book pdf,high,/home/kana/.openclaw/workspace/outputs/kana_backlog_v2/tasks/KANA-P0001-NS-02/downloads/found_pdfs/record_61915/record_61915.pdf
61920,Armed conflict and infant mortality due to diarrhea in Colombian children,61920.pdf,/home/kana/.openclaw/workspace/repos/Sys_mcs/analysis/pdf_download/61920.pdf,https://repositorio.cuc.edu.co/bitstreams/ec628086-de16-4dac-a45c-9f56f08e49ae/download,https://www.valueinhealthjournal.com/article/S1098-3015(18)31193-8/fulltext,Repositorio Universidad de la Costa bitstream / Value in Health abstract PDF,lawful public repository pdf,high,/home/kana/.openclaw/workspace/outputs/kana_backlog_v2/tasks/KANA-P0001-NS-02/downloads/found_pdfs/record_61920/record_61920.pdf
61963,Assessment of Severity of Acute Liver Injury and Its Outcome in Patients with Dengue Fever in Lahore and Rawalpindi,61963.pdf,/home/kana/.openclaw/workspace/repos/Sys_mcs/analysis/pdf_download/61963.pdf,https://pmc.ncbi.nlm.nih.gov/articles/PMC7104019/pdf/12072_2018_Article_9852.pdf,https://pmc.ncbi.nlm.nih.gov/articles/PMC7104019/,PubMed Central / Hepatology International supplement,public pmc full-text pdf,high,/home/kana/.openclaw/workspace/outputs/kana_backlog_v2/tasks/KANA-P0001-NS-02/downloads/found_pdfs/record_61963/record_61963.pdf
62095,Using participatory workshops to assess community alignment or tension for child mortality surveillance involving minimally invasive tissue sampling,62095.pdf,/home/kana/.openclaw/workspace/repos/Sys_mcs/analysis/pdf_download/62095.pdf,https://europepmc.org/api/getPdf?pmcid=PMC6785692,https://pmc.ncbi.nlm.nih.gov/articles/PMC6785692/,Europe PMC / PubMed Central / Clinical Infectious Diseases,open_access_cc_by,medium,/home/kana/.openclaw/workspace/outputs/kana_backlog_v2/tasks/KANA-P0001-NS-02/downloads/found_pdfs/record_62095/record_62095.pdf
62171,"Investigating the first outbreak of dengue hemorrhagic fever in the greater darfur, western Sudan",62171.pdf,/home/kana/.openclaw/workspace/repos/Sys_mcs/analysis/pdf_download/62171.pdf,https://orbi.uliege.be/bitstream/2268/267178/1/%255B14761645%2520-%2520The%2520American%2520Journal%2520of%2520Tropical%2520Medicine%2520and%2520Hygiene%255D%2520Abstract%2520Book.pdf,https://orbi.uliege.be/handle/2268/267178,ORBi repository copy of American Journal of Tropical Medicine and Hygiene 2018 abstract book,public repository pdf; publisher postprint abstract book,high,/home/kana/.openclaw/workspace/outputs/kana_backlog_v2/tasks/KANA-P0001-NS-02/downloads/found_pdfs/record_62171/record_62171.pdf
62327,"The 2017 monkeypox outbreak in Nigeria-report of outbreak experience and response in the Niger Delta University Teaching Hospital, Bayelsa State, Nigeria",62327.pdf,/home/kana/.openclaw/workspace/repos/Sys_mcs/analysis/pdf_download/62327.pdf,https://orbi.uliege.be/bitstream/2268/267178/1/%255B14761645%2520-%2520The%2520American%2520Journal%2520of%2520Tropical%2520Medicine%2520and%2520Hygiene%255D%2520Abstract%2520Book.pdf,https://orbi.uliege.be/handle/2268/267178,ORBi institutional repository copy of the American Journal of Tropical Medicine and Hygiene 2018 annual meeting abstract book,lawful public repository pdf; publisher postprint abstract book,high,/home/kana/.openclaw/workspace/outputs/kana_backlog_v2/tasks/KANA-P0001-NS-02/downloads/found_pdfs/record_62327/record_62327.pdf
62545,Junctional Tourniquet Use During Combat Operations in Afghanistan: The Prehospital Trauma Registry Experience,62545.pdf,/home/kana/.openclaw/workspace/repos/Sys_mcs/analysis/pdf_download/62545.pdf,https://jsomonline.org/wp-content/uploads/2024/02/2018271Schauer.pdf,https://jsomonline.org/product/junctional-tourniquet-use-during-combat-operations-in-afghanistan-the-prehospital-trauma-registry-experience/,Journal of Special Operations Medicine / JSOM Online,public publisher-hosted pdf,high,/home/kana/.openclaw/workspace/outputs/kana_backlog_v2/tasks/KANA-P0001-NS-02/downloads/found_pdfs/record_62545/record_62545.pdf
62627,Understanding the drivers and determinants of an effective malaria response in a challenging operating environment: The burundi case study,62627.pdf,/home/kana/.openclaw/workspace/repos/Sys_mcs/analysis/pdf_download/62627.pdf,https://orbi.uliege.be/bitstream/2268/267178/1/%255B14761645%2520-%2520The%2520American%2520Journal%2520of%2520Tropical%2520Medicine%2520and%2520Hygiene%255D%2520Abstract%2520Book.pdf,https://cris.unibe.edu.do/handle/123456789/278,"ORBi repository PDF copy of the ASTMH 2018 Abstract Book / The American Journal of Tropical Medicine and Hygiene, volume 99, issue 4 supplement",lawful public repository pdf; unibe landing page labels astmh-2018-abstract-book.pdf as open access,high,/home/kana/.openclaw/workspace/outputs/kana_backlog_v2/tasks/KANA-P0001-NS-02/downloads/found_pdfs/record_62627/record_62627.pdf
62964,"Influenza incidence, prevalence, and mortality one hundred years after the 1918 global pandemic: Results from the global burden of disease 2017",62964.pdf,/home/kana/.openclaw/workspace/repos/Sys_mcs/analysis/pdf_download/62964.pdf,https://researchonline.lshtm.ac.uk/id/eprint/4653595/1/GBD2017-Influenza.pdf,https://researchonline.lshtm.ac.uk/id/eprint/4653595/,LSHTM Research Online,lawful public repository pdf; published version; repository metadata lists public full text and cc-by rights,high,/home/kana/.openclaw/workspace/outputs/kana_backlog_v2/tasks/KANA-P0001-NS-02/downloads/found_pdfs/record_62964/record_62964.pdf
63019,Pediatric cryptosporidiosis in sub-saharan Africa: Gaps in actionable guidance for clinical management at the bedside,63019.pdf,/home/kana/.openclaw/workspace/repos/Sys_mcs/analysis/pdf_download/63019.pdf,https://d1lx8xdon3af7k.cloudfront.net//2018-Abstract-Book-FINAL-11-13.pdf,https://www.astmh.org/annual-meeting/past-meeting,ASTMH Annual Meeting Archives / 2018 Annual Meeting Abstract Book,lawful public conference abstract book pdf,high,/home/kana/.openclaw/workspace/outputs/kana_backlog_v2/tasks/KANA-P0001-NS-02/downloads/found_pdfs/record_63019/record_63019.pdf
63097,"The global, regional, and national state of CKD epidemiology from 1990 to 2016: An analysis of the global burden of disease study",63097.pdf,/home/kana/.openclaw/workspace/repos/Sys_mcs/analysis/pdf_download/63097.pdf,https://www.kidney-international.org/article/S0085-2538(18)30318-1/pdf,https://www.kidney-international.org/article/S0085-2538(18)30318-1/fulltext,Kidney International / Elsevier open-access article PDF,"publisher open access, cc by-nc-nd 4.0",high,/home/kana/.openclaw/workspace/outputs/kana_backlog_v2/tasks/KANA-P0001-NS-02/downloads/found_pdfs/record_63097/record_63097.pdf
64086,Fournier's gangrene: Management experience of 39 cases,64086.pdf,/home/kana/.openclaw/workspace/repos/Sys_mcs/analysis/pdf_download/64086.pdf,https://www.jpmi.org.pk/index.php/jpmi/article/download/2151/1906,https://jpmi.org.pk/index.php/jpmi/issue/view/92/showToc,Journal of Postgraduate Medical Institute (JPMI),publisher_public_pdf,high,/home/kana/.openclaw/workspace/outputs/kana_backlog_v2/tasks/KANA-P0001-NS-02/downloads/found_pdfs/record_64086/record_64086.pdf
64226,Early postoperative complications and mortality in patients undergoing colorectal cancer surgery and its relation with nutritional status,64226.pdf,/home/kana/.openclaw/workspace/repos/Sys_mcs/analysis/pdf_download/64226.pdf,https://medicalforummonthly.com/index.php/mfm/issue/download/143/68,https://medicalforummonthly.com/index.php/mfm/article/view/3581,Medical Forum Monthly,"publisher public issue pdf, journal page marked creative commons attribution-noncommercial 4.0",high,/home/kana/.openclaw/workspace/outputs/kana_backlog_v2/tasks/KANA-P0001-NS-02/downloads/found_pdfs/record_64226/record_64226.pdf
64266,Frequency and outcome of hypoglycemia in children having severe protein energy malnutrition presenting with diarrhea,64266.pdf,/home/kana/.openclaw/workspace/repos/Sys_mcs/analysis/pdf_download/64266.pdf,https://medicalforummonthly.com/index.php/mfm/article/download/4113/3612/7145,https://medicalforummonthly.com/index.php/mfm/article/view/4113,Medical Forum Monthly,publisher open access; site states creative commons attribution 4.0 international license,high,/home/kana/.openclaw/workspace/outputs/kana_backlog_v2/tasks/KANA-P0001-NS-02/downloads/found_pdfs/record_64266/record_64266.pdf
65389,Sepsis management in a resource-limited setting: A clinical trial of quantitative resuscitation in a national referral hospital in kenya,65389.pdf,/home/kana/.openclaw/workspace/repos/Sys_mcs/analysis/pdf_download/65389.pdf,https://academic.oup.com/ajrccm/article-pdf/199/Supplement_1/A6000/67771763/ajrccm_199_s1_a6000.pdf,https://academic.oup.com/ajrccm/article/199/Supplement_1/A6000/8585260,Oxford Academic / American Journal of Respiratory and Critical Care Medicine,publisher free public pdf,high,/home/kana/.openclaw/workspace/outputs/kana_backlog_v2/tasks/KANA-P0001-NS-02/downloads/found_pdfs/record_65389/record_65389.pdf
67238,"Clinical and epidemiological characteristics of patients with hypertensive crises treated in the emergency service of a high level institution of complexity, Medellin, Colombia 2014-2015. [Spanish]",67238.pdf,/home/kana/.openclaw/workspace/repos/Sys_mcs/analysis/pdf_download/67238.pdf,https://www.revhipertension.com/rlh_4_2018/4_caracteristicas_clinicas_epidemiologcas.pdf,https://www.redalyc.org/journal/1702/170263336004/,Revista Latinoamericana de Hipertension publisher website / Redalyc landing page,lawful public publisher pdf,high,/home/kana/.openclaw/workspace/outputs/kana_backlog_v2/tasks/KANA-P0001-NS-02/downloads/found_pdfs/record_67238/record_67238.pdf
68469,Infant mortality from acute respiratory infections and armed conflict: An exploratory analysis,68469.pdf,/home/kana/.openclaw/workspace/repos/Sys_mcs/analysis/pdf_download/68469.pdf,https://repositorio.cuc.edu.co/bitstreams/4de2d38b-d004-4e30-9669-b43536e56229/download,https://repositorio.cuc.edu.co/handle/11323/4714,Repositorio CUC / University of the Coast repository,lawful public repository pdf,high,/home/kana/.openclaw/workspace/outputs/kana_backlog_v2/tasks/KANA-P0001-NS-02/downloads/found_pdfs/record_68469/record_68469.pdf
68502,Breastfeeding and emerging infectious diseases: An anthropological approach,68502.pdf,/home/kana/.openclaw/workspace/repos/Sys_mcs/analysis/pdf_download/68502.pdf,https://bioanth.org/wp-content/uploads/2024/02/2018_AAPA_Final_Conference_Program_-_R9.pdf,https://onlinelibrary.wiley.com/doi/10.1002/ajpa.23489,"American Association of Physical Anthropologists / BioAnth public 2018 AAPA final conference program PDF; Wiley landing page identifies Program of the 87th Annual Meeting of the American Association of Physical Anthropologists, American Journal of Physical Anthropology 165(S66), pages 1-312.",lawful public pdf,medium,/home/kana/.openclaw/workspace/outputs/kana_backlog_v2/tasks/KANA-P0001-NS-02/downloads/found_pdfs/record_68502/record_68502.pdf
68808,Audit of measles at Larkana,68808.pdf,/home/kana/.openclaw/workspace/repos/Sys_mcs/analysis/pdf_download/68808.pdf,http://www.pakpedsjournal.org.pk/download.aspx?id=NDM2,http://www.pakpedsjournal.org.pk/Journals.aspx,Pakistan Pediatric Journal,publisher public pdf,high,/home/kana/.openclaw/workspace/outputs/kana_backlog_v2/tasks/KANA-P0001-NS-02/downloads/found_pdfs/record_68808/record_68808.pdf
68950,Survival of Casualties Undergoing Prehospital Supraglottic Airway Placement Versus Cricothyrotomy,68950.pdf,/home/kana/.openclaw/workspace/repos/Sys_mcs/analysis/pdf_download/68950.pdf,https://jsomonline.org/wp-content/uploads/2024/02/2019291Schauer.pdf,https://jsomonline.org/product/survival-of-casualties-undergoing-prehospital-supraglottic-airway-placement-versus-cricothyrotomy/,Journal of Special Operations Medicine / JSOM Online,publisher-hosted public pdf,high,/home/kana/.openclaw/workspace/outputs/kana_backlog_v2/tasks/KANA-P0001-NS-02/downloads/found_pdfs/record_68950/record_68950.pdf
70212,"Mortality reduction in western Kenya during scale-up of HIV treatment, 2011-2016",70212.pdf,/home/kana/.openclaw/workspace/repos/Sys_mcs/analysis/pdf_download/70212.pdf,https://www.iasusa.org/wp-content/uploads/2019/05/27-1s-4s.pdf,https://www.croiconference.org/croi2019-abstracts-press-conference/,"IAS-USA / CROI 2019 Abstracts, Topics in Antiviral Medicine special issue",lawful public publisher/conference abstract pdf,high,/home/kana/.openclaw/workspace/outputs/kana_backlog_v2/tasks/KANA-P0001-NS-02/downloads/found_pdfs/record_70212/record_70212.pdf
71946,Measles epidemic in post-conflict period in rural Central African. [French],71946.pdf,/home/kana/.openclaw/workspace/repos/Sys_mcs/analysis/pdf_download/71946.pdf,https://www.santetropicale.com/club/pdf/0719/6607_05.pdf,https://www.santetropicale.com/manelec/fr/resume_oa.asp?id_article=3292,APIDPM Santé tropicale / Médecine d'Afrique Francophone,publisher open access,high,/home/kana/.openclaw/workspace/outputs/kana_backlog_v2/tasks/KANA-P0001-NS-02/downloads/found_pdfs/record_71946/record_71946.pdf
72346,Examine the treatment outcomes of severe acute malnutrition in pediatric population by using formula F100 therapeutic feed,72346.pdf,/home/kana/.openclaw/workspace/repos/Sys_mcs/analysis/pdf_download/72346.pdf,https://medicalforummonthly.com/index.php/mfm/article/download/3771/3284/6475,https://medicalforummonthly.com/index.php/mfm/article/view/3771,Medical Forum Monthly,publisher open access; landing page states creative commons attribution-noncommercial 4.0 international license,high,/home/kana/.openclaw/workspace/outputs/kana_backlog_v2/tasks/KANA-P0001-NS-02/downloads/found_pdfs/record_72346/record_72346.pdf
73104,Second Scientific Conference for Eastern Mediterranean Acute Respiratory Infections Surveillance (EMARIS): Conference Preceedings,73104.pdf,/home/kana/.openclaw/workspace/repos/Sys_mcs/analysis/pdf_download/73104.pdf,https://www.omjournal.org/PDF/Supplement_Abstracts_EMARIS_%2803J.pdf,https://www.omjournal.org/OMJ_Issue.aspx?jId=1074,Oman Medical Journal,publisher open access,high,/home/kana/.openclaw/workspace/outputs/kana_backlog_v2/tasks/KANA-P0001-NS-02/downloads/found_pdfs/record_73104/record_73104.pdf
73289,"Rhabdomyolysis, kidney injury, and mortality in ebola virus disease in Eastern democratic republic of the Congo",73289.pdf,/home/kana/.openclaw/workspace/repos/Sys_mcs/analysis/pdf_download/73289.pdf,https://pmc-oa-opendata.s3.amazonaws.com/PMC11326845.1/PMC11326845.1.pdf,https://pmc.ncbi.nlm.nih.gov/articles/PMC11326845/,PubMed Central Open Access Dataset / Oxford Academic,open access cc by,high,/home/kana/.openclaw/workspace/outputs/kana_backlog_v2/tasks/KANA-P0001-NS-02/downloads/found_pdfs/record_73289/record_73289.pdf
73374,"High burden of vaccine preventable diseases as cause of death: Using innovative post-mortem sampling, the Ethiopian case",73374.pdf,/home/kana/.openclaw/workspace/repos/Sys_mcs/analysis/pdf_download/73374.pdf,https://2023.espidmeeting.org/wp-content/uploads/sites/19/2022/06/ESDID-2020-Abstracts.pdf,https://www.ajtmh.org/view/journals/tpmd/103/5_Suppl/article-p1_1.xml,Public ESPID/ESDID 2020 Abstracts PDF; AJTMH Annual Meeting Program page also found,lawful public conference abstract-book pdf,high,/home/kana/.openclaw/workspace/outputs/kana_backlog_v2/tasks/KANA-P0001-NS-02/downloads/found_pdfs/record_73374/record_73374.pdf
73708,"Magnitude, determinants and effect of illegal out-migration from South Wollo Zone with special reference selected woredas",73708.pdf,/home/kana/.openclaw/workspace/repos/Sys_mcs/analysis/pdf_download/73708.pdf,https://web.archive.org/web/20211204200204if_/https://ejmcm.com/article_7087_bfe1b33f3eda7e8e62f76afe19a47ec5.pdf,https://web.archive.org/web/20210307091727/https://ejmcm.com/article_7087.html,European Journal of Molecular & Clinical Medicine via Internet Archive snapshot of publisher PDF,public archived publisher pdf,high,/home/kana/.openclaw/workspace/outputs/kana_backlog_v2/tasks/KANA-P0001-NS-02/downloads/found_pdfs/record_73708/record_73708.pdf
73938,Effect of isoniazid preventive therapy on prevention of tuberculosis and reduction of all-cause mortality among HIV patients on antiretroviral therapy,73938.pdf,/home/kana/.openclaw/workspace/repos/Sys_mcs/analysis/pdf_download/73938.pdf,https://academic.oup.com/ajrccm/article-pdf/201/Supplement_1/A2692/67745338/ajrccm_201_s1_a2692.pdf,https://academic.oup.com/ajrccm/article/201/Supplement_1/A2692/8573129,Oxford Academic / American Journal of Respiratory and Critical Care Medicine,publisher free pdf,high,/home/kana/.openclaw/workspace/outputs/kana_backlog_v2/tasks/KANA-P0001-NS-02/downloads/found_pdfs/record_73938/record_73938.pdf
74248,Age-specific HIV incidence patterns among population cohorts in sub-Saharan Africa,74248.pdf,/home/kana/.openclaw/workspace/repos/Sys_mcs/analysis/pdf_download/74248.pdf,https://www.croiconference.org/wp-content/uploads/sites/2/resources/2020/ebook/croi2020-boston-abstract-ebook.pdf,https://www.croiconference.org/croi-2020/,CROI Conference,lawful public conference abstract ebook pdf,high,/home/kana/.openclaw/workspace/outputs/kana_backlog_v2/tasks/KANA-P0001-NS-02/downloads/found_pdfs/record_74248/record_74248.pdf
74283,Efforts to improve postmortem anthropometric measurements in children under 5 years of age,74283.pdf,/home/kana/.openclaw/workspace/repos/Sys_mcs/analysis/pdf_download/74283.pdf,https://europepmc.org/articles/PMC7257368?pdf=render,https://pmc.ncbi.nlm.nih.gov/articles/PMC7257368/,PubMed Central / Europe PMC,lawful public open-access pdf,high,/home/kana/.openclaw/workspace/outputs/kana_backlog_v2/tasks/KANA-P0001-NS-02/downloads/found_pdfs/record_74283/record_74283.pdf
74344,Application of a prognostic scale to estimate the outcome of hospitalized children with pneumonia,74344.pdf,/home/kana/.openclaw/workspace/repos/Sys_mcs/analysis/pdf_download/74344.pdf,https://academic.oup.com/ajrccm/article-pdf/201/Supplement_1/A6343/67752823/ajrccm_201_s1_a6343.pdf,https://academic.oup.com/ajrccm/article/201/Supplement_1/A6343/8578627,Oxford Academic / American Journal of Respiratory and Critical Care Medicine ATS 2020 abstract,"publisher public pdf url located; terminal direct download blocked by cloudflare, local pdf generated from public browser-retrieved pdf text",high,/home/kana/.openclaw/workspace/outputs/kana_backlog_v2/tasks/KANA-P0001-NS-02/downloads/found_pdfs/record_74344/record_74344.pdf
74982,Epidemic of chronic kidney disease of nontraditional etiology in El Salvador: Integrated health sector action and south-south cooperation,74982.pdf,/home/kana/.openclaw/workspace/repos/Sys_mcs/analysis/pdf_download/74982.pdf,https://mediccreview.org/wp-content/uploads/2019/09/MR-September2019-Herrera-Epidemic-Chrornic.pdf,https://mediccreview.org/epidemic-of-chronic-kidney-disease-of-nontraditional-etiology-in-el-salvador-integrated-health-sector-action-and-south-south-cooperation/,MEDICC Review,publisher open access; medicc review states post-2015 articles are covered by creative commons attribution 4.0 international (cc by 4.0),high,/home/kana/.openclaw/workspace/outputs/kana_backlog_v2/tasks/KANA-P0001-NS-02/downloads/found_pdfs/record_74982/record_74982.pdf
75168,Energy infrastructure objects of ukraine as a public health threat: criminological analysis,75168.pdf,/home/kana/.openclaw/workspace/repos/Sys_mcs/analysis/pdf_download/75168.pdf,https://wiadlek.pl/wp-content/uploads/2020/02/WL-12-cz-II-2019.pdf,https://wiadlek.pl/12-2019/,Wiadomosci Lekarskie publisher archive,publisher open access issue pdf,high,/home/kana/.openclaw/workspace/outputs/kana_backlog_v2/tasks/KANA-P0001-NS-02/downloads/found_pdfs/record_75168/record_75168.pdf
75737,The profile of severe acute malnutrition in infants below 6 months versus 6-60 months of age children,75737.pdf,/home/kana/.openclaw/workspace/repos/Sys_mcs/analysis/pdf_download/75737.pdf,https://medicalforummonthly.com/index.php/mfm/article/download/3563/3076,https://medicalforummonthly.com/index.php/mfm/article/view/3563,Medical Forum Monthly,publisher open access; site footer states creative commons attribution-noncommercial 4.0 international license,high,/home/kana/.openclaw/workspace/outputs/kana_backlog_v2/tasks/KANA-P0001-NS-02/downloads/found_pdfs/record_75737/record_75737.pdf
76485,To Determine the Frequency of Anemia in Hospitalized patients with Heart Failure and to compare the Outcome between Anemic versus Non-Anemic patients,76485.pdf,/home/kana/.openclaw/workspace/repos/Sys_mcs/analysis/pdf_download/76485.pdf,https://www.pjmhsonline.com/2019/april_june/pdf/500.pdf,https://define.pk/document.php?id=366095&jid=1532&type=article,Pakistan Journal of Medical and Health Sciences / P J M H S Online,publisher_open_access,high,/home/kana/.openclaw/workspace/outputs/kana_backlog_v2/tasks/KANA-P0001-NS-02/downloads/found_pdfs/record_76485/record_76485.pdf
76841,Epidemiologic and clinical characteristics of children with measles during the year 2019,76841.pdf,/home/kana/.openclaw/workspace/repos/Sys_mcs/analysis/pdf_download/76841.pdf,https://medicopublication.com/index.php/ijfmt/article/download/10603/9936/20037,https://medicopublication.com/index.php/ijfmt/article/view/10603/9936,Indian Journal of Forensic Medicine & Toxicology / medicopublication.com,publisher open public pdf,high,/home/kana/.openclaw/workspace/outputs/kana_backlog_v2/tasks/KANA-P0001-NS-02/downloads/found_pdfs/record_76841/record_76841.pdf
77868,"National trends of hepatocellular carcinoma mortality registered by the ministry of health in Peru, from 2005 to 2016. [Spanish]",77868.pdf,/home/kana/.openclaw/workspace/repos/Sys_mcs/analysis/pdf_download/77868.pdf,https://www.actagastro.org/numeros-anteriores/2020/Vol-50-N3/Vol50N3-PDF16.pdf,https://actagastro.org/tendencia-nacional-de-la-mortalidad-por-hepatocarcinoma-registrada-en-el-ministerio-de-salud-del-peru-del-2005-al-2016/,Revista ACTA / Acta Gastroenterologica Latinoamericana,publisher open access pdf,high,/home/kana/.openclaw/workspace/outputs/kana_backlog_v2/tasks/KANA-P0001-NS-02/downloads/found_pdfs/record_77868/record_77868.pdf
78287,Role of insulin and intravenous fluid in the treatment of diabetic ketoacidosis to overt the diabetic ketoacidosis crisis,78287.pdf,/home/kana/.openclaw/workspace/repos/Sys_mcs/analysis/pdf_download/78287.pdf,https://pjmhsonline.com/2020/oct_dec/1965.pdf,https://pjmhsonline.com/published-issues/oct-dec-2020/20-12-1965,Pakistan Journal of Medical & Health Sciences / pjmhsonline.com,publisher public pdf,high,/home/kana/.openclaw/workspace/outputs/kana_backlog_v2/tasks/KANA-P0001-NS-02/downloads/found_pdfs/record_78287/record_78287.pdf
78492,"Outcomes of home based oxygen therapy in children discharged from Kenyatta National Hospital, a retrospective cohort study",78492.pdf,/home/kana/.openclaw/workspace/repos/Sys_mcs/analysis/pdf_download/78492.pdf,https://www.africanjournalofrespiratorymedicine.com/articles/outcomes-of-home-based-oxygen-therapy-in-children-discharged-from-kenyatta-national-hospital-a-retrospective-cohort-stud.pdf,https://www.africanjournalofrespiratorymedicine.com/articles/outcomes-of-home-based-oxygen-therapy-in-children-discharged-from-kenyatta-national-hospital-a-retrospective-cohort-study-50152.html,African Journal of Respiratory Medicine,publisher public pdf,high,/home/kana/.openclaw/workspace/outputs/kana_backlog_v2/tasks/KANA-P0001-NS-02/downloads/found_pdfs/record_78492/record_78492.pdf
79022,"Influenza epidemic with high mortality during the winter months in Yemen, 2018-2019",79022.pdf,/home/kana/.openclaw/workspace/repos/Sys_mcs/analysis/pdf_download/79022.pdf,https://www.omjournal.org/PDF/Supplement_Abstracts_EMARIS_%2803J.pdf,https://www.omjournal.org/articleDetails.aspx?aId=2539&coType=1,Oman Medical Journal supplement: Second Scientific Conference for Eastern Mediterranean Acute Respiratory Infections Surveillance (EMARIS): Conference Preceedings,publisher_open_access,high,/home/kana/.openclaw/workspace/outputs/kana_backlog_v2/tasks/KANA-P0001-NS-02/downloads/found_pdfs/record_79022/record_79022.pdf
79619,"Oral rehydration therapies in senegal, mali, and sierra leone: A spatial analysis of changes over time and implications for policy",79619.pdf,/home/kana/.openclaw/workspace/repos/Sys_mcs/analysis/pdf_download/79619.pdf,https://link.springer.com/content/pdf/10.1186/s12916-020-01857-7.pdf,https://link.springer.com/article/10.1186/s12916-020-01857-7,Springer Nature / BMC Medicine,publisher open access; creative commons attribution 4.0,high,/home/kana/.openclaw/workspace/outputs/kana_backlog_v2/tasks/KANA-P0001-NS-02/downloads/found_pdfs/record_79619/record_79619.pdf
79988,Global vaccine risk index a composite metric to assess the return of measles from 21st century social and physical determinants,79988.pdf,/home/kana/.openclaw/workspace/repos/Sys_mcs/analysis/pdf_download/79988.pdf,https://journals.plos.org/plosone/article/file?id=10.1371%2Fjournal.pone.0272784&type=printable,https://journals.plos.org/plosone/article?id=10.1371%2Fjournal.pone.0272784,PLOS ONE,publisher open access; creative commons attribution license,high,/home/kana/.openclaw/workspace/outputs/kana_backlog_v2/tasks/KANA-P0001-NS-02/downloads/found_pdfs/record_79988/record_79988.pdf
80299,Surgery of isolated ventricular septal defect with severe pulmonary arterial hypertension: About 11 cases,80299.pdf,/home/kana/.openclaw/workspace/repos/Sys_mcs/analysis/pdf_download/80299.pdf,https://cvja.co.za/onlinejournal/vol32/pascar-2021/15thPASCAR-Congress-2021-updated.pdf,https://cvja.co.za/onlinejournal/vol32/pascar-2021/15thPASCAR-Congress-2021-updated.pdf,Cardiovascular Journal of Africa / 15th PASCAR Congress 2021 abstract book PDF,lawful public conference abstract pdf,high,/home/kana/.openclaw/workspace/outputs/kana_backlog_v2/tasks/KANA-P0001-NS-02/downloads/found_pdfs/record_80299/record_80299.pdf
80775,"Investigating MPM-III, SOFA and delta SOFA scoring systems as predictors of mortality in the intensive care unit in Kenya",80775.pdf,/home/kana/.openclaw/workspace/repos/Sys_mcs/analysis/pdf_download/80775.pdf,https://ecommons.aku.edu/cgi/viewcontent.cgi?article=1019&context=etd_ke_mc_mm-anaes,https://ecommons.aku.edu/etd_ke_mc_mm-anaes/20/,Aga Khan University eCommons institutional repository,lawful_public_repository_pdf,high,/home/kana/.openclaw/workspace/outputs/kana_backlog_v2/tasks/KANA-P0001-NS-02/downloads/found_pdfs/record_80775/record_80775.pdf
80858,"Potential impact of covid-19-related disruptions on hiv in yaounde, cameroon",80858.pdf,/home/kana/.openclaw/workspace/repos/Sys_mcs/analysis/pdf_download/80858.pdf,https://spiral.imperial.ac.uk/server/api/core/bitstreams/b683fb90-7049-40cc-b1f5-bdf2e74d97ba/content,https://hdl.handle.net/10044/1/85964,Imperial College London Spiral repository,lawful public open-access repository pdf; publisher open-access article under cc by-nc-nd 4.0,high,/home/kana/.openclaw/workspace/outputs/kana_backlog_v2/tasks/KANA-P0001-NS-02/downloads/found_pdfs/record_80858/record_80858.pdf
80882,Heart disease in children at the ziguinchor hospital de la paix (Senegal),80882.pdf,/home/kana/.openclaw/workspace/repos/Sys_mcs/analysis/pdf_download/80882.pdf,https://cvja.co.za/onlinejournal/vol32/pascar-2021/15thPASCAR-Congress-2021-updated.pdf,https://cvja.co.za/onlinejournal/vol32/pascar-2021/15thPASCAR-Congress-2021-updated.pdf,Cardiovascular Journal of Africa / 15th PASCAR Congress in association with KCS Africa congress PDF,lawful public publisher/conference pdf,high,/home/kana/.openclaw/workspace/outputs/kana_backlog_v2/tasks/KANA-P0001-NS-02/downloads/found_pdfs/record_80882/record_80882.pdf
81467,Presentation of acute meningitis over five years study in al-yarmouk teaching hospital,81467.pdf,/home/kana/.openclaw/workspace/repos/Sys_mcs/analysis/pdf_download/81467.pdf,https://medicopublication.com/index.php/ijphrd/article/download/10949/10234/20709,https://www.medicopublication.com/index.php/ijphrd/article/view/10949,Indian Journal of Public Health Research & Development / Medicopublication,publisher open access public pdf,high,/home/kana/.openclaw/workspace/outputs/kana_backlog_v2/tasks/KANA-P0001-NS-02/downloads/found_pdfs/record_81467/record_81467.pdf
82236,Magnitude of anemia and undernutrition among hiv-infected children who took haart: A retrospective follow-up study,82236.pdf,/home/kana/.openclaw/workspace/repos/Sys_mcs/analysis/pdf_download/82236.pdf,https://e-century.us/files/ajbr/10/5/ajbr0114946.pdf,https://e-century.us/web/journal_toc.php?journal=ajbr&number=5&volume=10,American Journal of Blood Research / e-Century Publishing Corporation,publisher public pdf,high,/home/kana/.openclaw/workspace/outputs/kana_backlog_v2/tasks/KANA-P0001-NS-02/downloads/found_pdfs/record_82236/record_82236.pdf
82269,Social and environmental risk factors for severe acute maluntrition in children under 5 years of age presenting to a tertiary care hospital of peshawar,82269.pdf,/home/kana/.openclaw/workspace/repos/Sys_mcs/analysis/pdf_download/82269.pdf,https://www.jpmi.org.pk/index.php/jpmi/article/download/2547/2371,https://jpmi.org.pk/index.php/jpmi/article/view/2547,Journal of Postgraduate Medical Institute (JPMI),publisher open access; article page states creative commons attribution-noncommercial 2.0 generic license,high,/home/kana/.openclaw/workspace/outputs/kana_backlog_v2/tasks/KANA-P0001-NS-02/downloads/found_pdfs/record_82269/record_82269.pdf
82395,Determine the prevalence and outcomes of hypoglycemia in children with severe acute malnutrition,82395.pdf,/home/kana/.openclaw/workspace/repos/Sys_mcs/analysis/pdf_download/82395.pdf,https://medicalforummonthly.com/index.php/mfm/article/download/2169/1873,https://medicalforummonthly.com/index.php/mfm/article/view/2169,Medical Forum Monthly,publisher public ojs pdf,high,/home/kana/.openclaw/workspace/outputs/kana_backlog_v2/tasks/KANA-P0001-NS-02/downloads/found_pdfs/record_82395/record_82395.pdf
82847,"Determinants of survival time of adult HIV/AIDS patients and modelling progression of HIV/AIDS disease stages: The Case of Debre Berhan Health Center, Amhara Region, Ethiopia",82847.pdf,/home/kana/.openclaw/workspace/repos/Sys_mcs/analysis/pdf_download/82847.pdf,https://s2hjg452d6.execute-api.ap-south-1.amazonaws.com/prod/download?articleId=7617,https://www.ejmcm.com/archives/volume-7/issue-3,European Journal of Molecular & Clinical Medicine publisher archive,publisher public pdf,high,/home/kana/.openclaw/workspace/outputs/kana_backlog_v2/tasks/KANA-P0001-NS-02/downloads/found_pdfs/record_82847/record_82847.pdf
83057,Ebola: An uncontrolled outbreak despite vaccines and new treatments. [French],83057.pdf,/home/kana/.openclaw/workspace/repos/Sys_mcs/analysis/pdf_download/83057.pdf,https://www.revmed.ch/view/401491/3549041/RMS_690_739.pdf,https://www.revmed.ch/revue-medicale-suisse/2020/revue-medicale-suisse-690/ebola-vaccin-et-traitements-efficaces-mais-epidemie-persistante,Revue Medicale Suisse / Medecine et Hygiene,lawful public publisher pdf; page states cc by-nc-nd with embargo policy,high,/home/kana/.openclaw/workspace/outputs/kana_backlog_v2/tasks/KANA-P0001-NS-02/downloads/found_pdfs/record_83057/record_83057.pdf
83316,Determine the Outcomes of F100 Therapeutic Feed in Children with Severe Acute Malnutrition,83316.pdf,/home/kana/.openclaw/workspace/repos/Sys_mcs/analysis/pdf_download/83316.pdf,https://pjmhsonline.com/2020/apr-june/645.pdf,https://www.pakmedinet.com/journal/56/1/June/2020/14%282%29,Pakistan Journal of Medical and Health Sciences / P J M H S,lawful public publisher pdf,high,/home/kana/.openclaw/workspace/outputs/kana_backlog_v2/tasks/KANA-P0001-NS-02/downloads/found_pdfs/record_83316/record_83316.pdf
83402,Youth violence in maghreb countries. A systematic review,83402.pdf,/home/kana/.openclaw/workspace/repos/Sys_mcs/analysis/pdf_download/83402.pdf,https://applications.emro.who.int/imemrf/Tunisie_Med/Tunisie-Med-2020-98-7-527-536.pdf,https://pubmed.ncbi.nlm.nih.gov/33479950/,WHO Eastern Mediterranean Region IMEMR PDF repository,lawful public repository pdf,high,/home/kana/.openclaw/workspace/outputs/kana_backlog_v2/tasks/KANA-P0001-NS-02/downloads/found_pdfs/record_83402/record_83402.pdf
83677,Battling covid-19 pandemic waves in six south-east asian countries: A real-time consensus review,83677.pdf,/home/kana/.openclaw/workspace/repos/Sys_mcs/analysis/pdf_download/83677.pdf,https://www.e-mjm.org/2020/v75n6/battling-COVID-19-pandemic.pdf,https://www.e-mjm.org/2020/v75n6/,The Medical Journal of Malaysia / e-MJM,publisher open access / public pdf,high,/home/kana/.openclaw/workspace/outputs/kana_backlog_v2/tasks/KANA-P0001-NS-02/downloads/found_pdfs/record_83677/record_83677.pdf
84710,Antimicrobial abuse in treatment of acute diarrhea,84710.pdf,/home/kana/.openclaw/workspace/repos/Sys_mcs/analysis/pdf_download/84710.pdf,https://www.alliedacademies.org/articles/antimicrobial-abuse-in-treatment-of-acute-diarrhea.pdf,https://www.alliedacademies.org/articles/antimicrobial-abuse-in-treatment-of-acute-diarrhea-18891.html,Allied Academies / Current Pediatric Research,publisher open access public pdf,high,/home/kana/.openclaw/workspace/outputs/kana_backlog_v2/tasks/KANA-P0001-NS-02/downloads/found_pdfs/record_84710/record_84710.pdf
85031,Mortality from COVID-19 and late diagnosis in the early stages of the pandemic in Bolivar-Colombia. [Spanish],85031.pdf,/home/kana/.openclaw/workspace/repos/Sys_mcs/analysis/pdf_download/85031.pdf,https://www.redalyc.org/journal/1804/180468227018/180468227018.pdf,https://dialnet.unirioja.es/servlet/articulo?codigo=8175175,Redalyc public PDF; Dialnet metadata; Revista Habanera de Ciencias Medicas,open access; creative commons attribution-noncommercial 4.0,high,/home/kana/.openclaw/workspace/outputs/kana_backlog_v2/tasks/KANA-P0001-NS-02/downloads/found_pdfs/record_85031/record_85031.pdf
85861,Prevalence and characteristics of apparent resistant hypertension in patients at Kenyatta national hospital medical outpatient clinic,85861.pdf,/home/kana/.openclaw/workspace/repos/Sys_mcs/analysis/pdf_download/85861.pdf,https://cvja.co.za/onlinejournal/vol32/pascar-2021/15thPASCAR-Congress-2021-updated.pdf,https://cvja.co.za/onlinejournal/vol32/pascar-2021/15thPASCAR-Congress-2021-updated.pdf,"Cardiovascular Journal of Africa, 15th PASCAR Congress in association with Kenya Cardiac Society, 2021 congress abstract PDF",lawful public pdf,high,/home/kana/.openclaw/workspace/outputs/kana_backlog_v2/tasks/KANA-P0001-NS-02/downloads/found_pdfs/record_85861/record_85861.pdf
86935,Peripartum cardiomyopathy in Nigeria (PEACE) registry: An overview of the results,86935.pdf,/home/kana/.openclaw/workspace/repos/Sys_mcs/analysis/pdf_download/86935.pdf,https://cvja.co.za/onlinejournal/vol32/pascar-2021/15thPASCAR-Congress-2021-updated.pdf,https://www.pascar.org/news/entry/cvja-online-journal-2022-april-pascar-and-kcs-congress-2021-proceedings,Cardiovascular Journal of Africa / 15th PASCAR Congress in association with Kenya Cardiac Society abstract book,lawful public pdf,high,/home/kana/.openclaw/workspace/outputs/kana_backlog_v2/tasks/KANA-P0001-NS-02/downloads/found_pdfs/record_86935/record_86935.pdf
86976,Heart disease in children at the Ziguinchor Hospital De La Paix (Senegal),86976.pdf,/home/kana/.openclaw/workspace/repos/Sys_mcs/analysis/pdf_download/86976.pdf,https://cvja.co.za/onlinejournal/vol32/pascar-2021/15thPASCAR-Congress-2021-updated.pdf,https://cvja.co.za/onlinejournal/vol32/pascar-2021/15thPASCAR-Congress-2021-updated.pdf,Cardiovascular Journal of Africa / 15th PASCAR Congress in association with KCS Africa abstract proceedings,publisher open access conference proceedings pdf,high,/home/kana/.openclaw/workspace/outputs/kana_backlog_v2/tasks/KANA-P0001-NS-02/downloads/found_pdfs/record_86976/record_86976.pdf
89142,Management of shock in severe acute malnutrition at stabilization centre,89142.pdf,/home/kana/.openclaw/workspace/repos/Sys_mcs/analysis/pdf_download/89142.pdf,https://medicalforummonthly.com/index.php/mfm/article/download/2129/1841/3619,https://medicalforummonthly.com/index.php/mfm/article/view/2129,Medical Forum Monthly,publisher open access/public ojs pdf,high,/home/kana/.openclaw/workspace/outputs/kana_backlog_v2/tasks/KANA-P0001-NS-02/downloads/found_pdfs/record_89142/record_89142.pdf
89274,Leukemia types and its distribution among patients admitted to the oncology center at Al-Najaf governorate,89274.pdf,/home/kana/.openclaw/workspace/repos/Sys_mcs/analysis/pdf_download/89274.pdf,https://www.alliedacademies.org/articles/leukemia-types-and-its-distribution-among-patients-admitted-to-the-oncology-center-at-alnajaf-governorate.pdf,https://www.currentpediatrics.com/articles/leukemia-types-and-its-distribution-among-patients-admitted-to-the-oncology-center-at-alnajaf-governorate-18287.html,Current Pediatric Research / Allied Academies,publisher open public pdf,high,/home/kana/.openclaw/workspace/outputs/kana_backlog_v2/tasks/KANA-P0001-NS-02/downloads/found_pdfs/record_89274/record_89274.pdf
89310,"Clinical and socio-demographic characterization of patients diagnosed with dengue and chikungunya in Narino, Colombia. [Spanish]",89310.pdf,/home/kana/.openclaw/workspace/repos/Sys_mcs/analysis/pdf_download/89310.pdf,http://scielo.sld.cu/pdf/mtr/v73n1/1561-3054-mtr-73-01-e451.pdf,https://revmedtropical.sld.cu/index.php/medtropical/article/view/451,SciELO Cuba / Revista Cubana de Medicina Tropical,"open access, cc by-nc 4.0",high,/home/kana/.openclaw/workspace/outputs/kana_backlog_v2/tasks/KANA-P0001-NS-02/downloads/found_pdfs/record_89310/record_89310.pdf
89601,Clinical case of sarokma kaposi in a patient with expressed immunosupression,89601.pdf,/home/kana/.openclaw/workspace/repos/Sys_mcs/analysis/pdf_download/89601.pdf,https://pharmacologyonline.silae.it/files/archives/2021/vol2/PhOL_2021_2_A035_Bogachyk.pdf,https://pharmacologyonline.silae.it/front/archives_2021_2,PharmacologyOnLine publisher archive,public publisher pdf,high,/home/kana/.openclaw/workspace/outputs/kana_backlog_v2/tasks/KANA-P0001-NS-02/downloads/found_pdfs/record_89601/record_89601.pdf
90061,Common causes of mortality in pediatric intensive care unit of a tertiary care hospital in karachi,90061.pdf,/home/kana/.openclaw/workspace/repos/Sys_mcs/analysis/pdf_download/90061.pdf,https://applications.emro.who.int/imemrf/385/Pak-Pediatr-J-2021-45-1-84-91-eng.pdf,https://www.pakmedinet.com/46484,WHO EMRO IMEMR / Pakistan Pediatric Journal via PakMediNet,lawful public pdf,high,/home/kana/.openclaw/workspace/outputs/kana_backlog_v2/tasks/KANA-P0001-NS-02/downloads/found_pdfs/record_90061/record_90061.pdf
90066,Molecular and Epidemiological Study on Covid-19 Overall and Iraq Especially Al-Anbar Province as a Model,90066.pdf,/home/kana/.openclaw/workspace/repos/Sys_mcs/analysis/pdf_download/90066.pdf,https://connectjournals.com/file_html_pdf/3443702H_5085A.pdf,https://connectjournals.com/toc/CJ-033216/21/2021/02/October,Connect Journals / Biochemical and Cellular Archives,public publisher pdf,high,/home/kana/.openclaw/workspace/outputs/kana_backlog_v2/tasks/KANA-P0001-NS-02/downloads/found_pdfs/record_90066/record_90066.pdf
90080,A study of the impact of massive population crowding on the incidence of COVID-19 in Iraq during the fortieth ceremony in 2020,90080.pdf,/home/kana/.openclaw/workspace/repos/Sys_mcs/analysis/pdf_download/90080.pdf,https://pjmhsonline.com/2021/jan/301.pdf,https://pjmhsonline.com/published-issues/jan/211301,Pakistan Journal of Medical & Health Sciences publisher website,publisher_public_pdf,high,/home/kana/.openclaw/workspace/outputs/kana_backlog_v2/tasks/KANA-P0001-NS-02/downloads/found_pdfs/record_90080/record_90080.pdf
90463,Maternal and perinatal outcomes of pandemic Covid-19 in pregnancy in Basrah,90463.pdf,/home/kana/.openclaw/workspace/repos/Sys_mcs/analysis/pdf_download/90463.pdf,https://faculty.uobasrah.edu.iq/uploads/publications/1631620000.pdf,https://faculty.uobasrah.edu.iq/en/faculty/835/publications,University of Basrah faculty publications page / public faculty-hosted PDF,lawful public pdf,high,/home/kana/.openclaw/workspace/outputs/kana_backlog_v2/tasks/KANA-P0001-NS-02/downloads/found_pdfs/record_90463/record_90463.pdf
91137,Outcome of Peritoneal Dialysis in Children with Acute Kidney Injury,91137.pdf,/home/kana/.openclaw/workspace/repos/Sys_mcs/analysis/pdf_download/91137.pdf,https://medicalforummonthly.com/index.php/mfm/article/download/939/776/1532,https://medicalforummonthly.com/index.php/mfm/article/view/939,Medical Forum Monthly publisher website,publisher open access pdf; site states creative commons attribution-noncommercial 4.0 international license,high,/home/kana/.openclaw/workspace/outputs/kana_backlog_v2/tasks/KANA-P0001-NS-02/downloads/found_pdfs/record_91137/record_91137.pdf
91301,Prevalence of Maternal Mortality in Babylon Governorate for the Period of 2014-2018,91301.pdf,/home/kana/.openclaw/workspace/repos/Sys_mcs/analysis/pdf_download/91301.pdf,https://www.bahrainmedicalbulletin.com/MARCH_2022/BMB-22-206.pdf,https://www.bahrainmedicalbulletin.com/issue_MAR2022.html,Bahrain Medical Bulletin publisher issue page,publisher_open_full_text_pdf,high,/home/kana/.openclaw/workspace/outputs/kana_backlog_v2/tasks/KANA-P0001-NS-02/downloads/found_pdfs/record_91301/record_91301.pdf
92167,2-YEAR OUTCOME of EARLY TREATED INFANTS in SUB-SAHARAN AFRICA,92167.pdf,/home/kana/.openclaw/workspace/repos/Sys_mcs/analysis/pdf_download/92167.pdf,https://www.croiconference.org/wp-content/uploads/sites/2/resources/2022/croi2022-abstract-ebook.pdf,https://penta-id.org/publications/2-year-outcome-of-early-treated-infants-in-sub-saharan-africa/,CROI 2022 Abstract eBook / CROI Conference,public conference abstract ebook pdf,high,/home/kana/.openclaw/workspace/outputs/kana_backlog_v2/tasks/KANA-P0001-NS-02/downloads/found_pdfs/record_92167/record_92167.pdf
92179,Optimal Iron Content in Ready-to-Use Therapeutic Foods for the Treatment of Severe Acute Malnutrition in the Community Settings. A Systematic Review and Meta-Analysis,92179.pdf,/home/kana/.openclaw/workspace/repos/Sys_mcs/analysis/pdf_download/92179.pdf,https://ftp.ncbi.nlm.nih.gov/pub/pmc/deprecated/oa_package/6e/98/PMC9370784.tar.gz#PMC9370784/nutrients-14-03116.pdf,https://www.mdpi.com/2072-6643/14/15/3116,NCBI PMC Open Access package / MDPI Nutrients,open_access_cc_by,high,/home/kana/.openclaw/workspace/outputs/kana_backlog_v2/tasks/KANA-P0001-NS-02/downloads/found_pdfs/record_92179/record_92179.pdf
92493,The Three waves of the Coronavirus disease-19 pandemic: epidemiology and response strategies from March 2020 to September 2021 in Senegal,92493.pdf,/home/kana/.openclaw/workspace/repos/Sys_mcs/analysis/pdf_download/92493.pdf,https://cphia2023.com/wp-content/uploads/2023/08/CPHIA2021_AbstractsBook_15-Feb-2022.pdf,https://cphia2023.com/wp-content/uploads/2023/08/CPHIA2021_AbstractsBook_15-Feb-2022.pdf,CPHIA 2021 Abstracts Book public PDF,lawful public conference abstract book pdf,high,/home/kana/.openclaw/workspace/outputs/kana_backlog_v2/tasks/KANA-P0001-NS-02/downloads/found_pdfs/record_92493/record_92493.pdf
93082,CHARACTERISTICS of DEATHS in A PEPFAR HIV PROGRAM in DEMOCRATIC REPUBLIC of the CONGO,93082.pdf,/home/kana/.openclaw/workspace/repos/Sys_mcs/analysis/pdf_download/93082.pdf,https://www.croiconference.org/wp-content/uploads/sites/2/posters/2022/CROI2022_Poster_935.pdf,https://www.croiconference.org/wp-content/uploads/sites/2/resources/2022/croi2022-program-guide.pdf,CROI Conference,lawful public conference poster pdf,high,/home/kana/.openclaw/workspace/outputs/kana_backlog_v2/tasks/KANA-P0001-NS-02/downloads/found_pdfs/record_93082/record_93082.pdf
93119,Age' poverty and inequity are key determinants of dengue severity in Colombia,93119.pdf,/home/kana/.openclaw/workspace/repos/Sys_mcs/analysis/pdf_download/93119.pdf,http://www.scielo.org.co/pdf/inf/v26s1/0123-9392-inf-26-s1-17.pdf,http://www.scielo.org.co/scielo.php?pid=S0123-93922022000500017&script=sci_arttext,SciELO Colombia / Infectio v26 supplement 1 proceedings PDF,lawful public open-access proceedings pdf,high,/home/kana/.openclaw/workspace/outputs/kana_backlog_v2/tasks/KANA-P0001-NS-02/downloads/found_pdfs/record_93119/record_93119.pdf
95270,Frequency of Measles with Complications in COVID pandemic,95270.pdf,/home/kana/.openclaw/workspace/repos/Sys_mcs/analysis/pdf_download/95270.pdf,https://medicalforummonthly.com/index.php/mfm/article/download/1525/1329/2617,https://medicalforummonthly.com/index.php/mfm/article/view/1525,Medical Forum Monthly,publisher open access,high,/home/kana/.openclaw/workspace/outputs/kana_backlog_v2/tasks/KANA-P0001-NS-02/downloads/found_pdfs/record_95270/record_95270.pdf
98933,Measuring Excess Mortality Associated with Hiv: Estimates from the Phia Project,98933.pdf,/home/kana/.openclaw/workspace/repos/Sys_mcs/analysis/pdf_download/98933.pdf,https://www.croiconference.org/wp-content/uploads/sites/2/posters/2023/PHIA_Mortality_CROI_poster_v3_AF-133205117241973446.pdf,https://www.natap.org/2023/CROI/croi_101.htm,CROI Conference,public conference poster pdf,high,/home/kana/.openclaw/workspace/outputs/kana_backlog_v2/tasks/KANA-P0001-NS-02/downloads/found_pdfs/record_98933/record_98933.pdf
99101,"Outcome of severe acute malnutrition in less than six months old infants at Nutrition Stabilization Center, LUMH, Jamshoro, Pakistan",99101.pdf,/home/kana/.openclaw/workspace/repos/Sys_mcs/analysis/pdf_download/99101.pdf,https://www.rmj.org.pk/fulltext/27-1603200200.pdf,https://www.rmj.org.pk/?mno=17317,Rawal Medical Journal,publisher public fulltext pdf,high,/home/kana/.openclaw/workspace/outputs/kana_backlog_v2/tasks/KANA-P0001-NS-02/downloads/found_pdfs/record_99101/record_99101.pdf
99979,High Mortality in African Infants Hospitalized with Severe Pneumonia and Advanced Hiv,99979.pdf,/home/kana/.openclaw/workspace/repos/Sys_mcs/analysis/pdf_download/99979.pdf,https://www.croiconference.org/wp-content/uploads/sites/2/posters/2023/CROI_EMPIRICAL_Mortality_Poster_v15Feb23-133209413665738366.pdf,https://www.croiconference.org/wp-content/uploads/sites/2/resources/2023/croi2023-program-guide-v8.pdf,CROI Conference public poster PDF,lawful_public_conference_pdf,high,/home/kana/.openclaw/workspace/outputs/kana_backlog_v2/tasks/KANA-P0001-NS-02/downloads/found_pdfs/record_99979/record_99979.pdf
100474,Selected viral infections in the tropical zone,100474.pdf,/home/kana/.openclaw/workspace/repos/Sys_mcs/analysis/pdf_download/100474.pdf,https://ejtcm.gumed.edu.pl/articles/156.pdf,https://ejtcm.gumed.edu.pl/articles/156,European Journal of Translational and Clinical Medicine / Medical University of Gdansk,"publisher open access pdf, cc by-sa 4.0 landing page",high,/home/kana/.openclaw/workspace/outputs/kana_backlog_v2/tasks/KANA-P0001-NS-02/downloads/found_pdfs/record_100474/record_100474.pdf
100737,Excess of Mortality in Older People during the Covid-19 Pandemic in Mozambique,100737.pdf,/home/kana/.openclaw/workspace/repos/Sys_mcs/analysis/pdf_download/100737.pdf,https://www.iasusa.org/wp-content/uploads/2023/04/31-2-34.pdf,https://www.iasusa.org/tam-31-2-abstracts/,"IAS-USA Topics in Antiviral Medicine, Volume 31 Issue 2, Special Issue: Abstracts From the 2023 Conference on Retroviruses and Opportunistic Infections",official public publisher pdf,high,/home/kana/.openclaw/workspace/outputs/kana_backlog_v2/tasks/KANA-P0001-NS-02/downloads/found_pdfs/record_100737/record_100737.pdf
101258,Feasibility of Managing Severe Acute Malnutrition in Older Children with Sickle Cell Anemia in Nigeria: Implications of Participants Sharing Ready-to-Use Therapeutic Food,101258.pdf,/home/kana/.openclaw/workspace/repos/Sys_mcs/analysis/pdf_download/101258.pdf,https://www.cvsaonline.org/wp-content/uploads/2023/10/NASPGHAN-2023.pdf,https://members.naspghan.org/Annualmeeting/Annualmeeting/2023_Annual_Meeting/2023_Annual_Meeting_Landing_Page.aspx,"NASPGHAN 2023 Scientific Abstracts / Journal of Pediatric Gastroenterology and Nutrition supplement, abstract 328, Volume 77 Issue 1, S227",lawful public conference abstract book pdf,high,/home/kana/.openclaw/workspace/outputs/kana_backlog_v2/tasks/KANA-P0001-NS-02/downloads/found_pdfs/record_101258/record_101258.pdf
105758,Epidemiological characteristics of patients with monkeypox and their relationship with hospitalization events in Colombia. [Spanish],105758.pdf,/home/kana/.openclaw/workspace/repos/Sys_mcs/analysis/pdf_download/105758.pdf,https://scielo.isciii.es/pdf/resp/v97/1135-5727-resp-97-e202311098.pdf,https://scielo.isciii.es/scielo.php?lng=es&nrm=iso&pid=S1135-57272023000100109&script=sci_abstract&tlng=en,SciELO / Revista Espanola de Salud Publica,lawful public open-access publisher pdf,high,/home/kana/.openclaw/workspace/outputs/kana_backlog_v2/tasks/KANA-P0001-NS-02/downloads/found_pdfs/record_105758/record_105758.pdf
106149,Anaesthesia in the Democratic Republic of Congo - A risky business,106149.pdf,/home/kana/.openclaw/workspace/repos/Sys_mcs/analysis/pdf_download/106149.pdf,https://www.ai-online.info/images/ai-ausgabe/2023/04-2023/Supplement_7-2023_DAC_Abstracts.pdf,https://www.ai-online.info/images/ai-ausgabe/2023/04-2023/Supplement_7-2023_DAC_Abstracts.pdf,"AnäStheSiologie & Intensivmedizin Supplement 7/2023 DAC Abstracts, A&I Online",public publisher-hosted pdf supplement,high,/home/kana/.openclaw/workspace/outputs/kana_backlog_v2/tasks/KANA-P0001-NS-02/downloads/found_pdfs/record_106149/record_106149.pdf
106956,12th Annual Symposium on Global Cancer Research,106956.pdf,/home/kana/.openclaw/workspace/repos/Sys_mcs/analysis/pdf_download/106956.pdf,https://events.cancer.gov/sites/default/files/assets/cgh-ascgr/ASGCR_Scientific%20Report_Sect%20508_rev.pdf,https://events.cancer.gov/archive/2024_cgh_asgcr,National Cancer Institute Events / Center for Global Health,lawful public government-hosted pdf,medium,/home/kana/.openclaw/workspace/outputs/kana_backlog_v2/tasks/KANA-P0001-NS-02/downloads/found_pdfs/record_106956/record_106956.pdf
109465,Influence of particulate matter in the COVID-19 deceased in a Colombian city,109465.pdf,/home/kana/.openclaw/workspace/repos/Sys_mcs/analysis/pdf_download/109465.pdf,https://servicio.bc.uc.edu.ve/fcs/vol27n1/art06.pdf,https://servicio.bc.uc.edu.ve/fcs/vol27n1.htm,Revista Salus / Universidad de Carabobo publisher issue page,publisher open access pdf,high,/home/kana/.openclaw/workspace/outputs/kana_backlog_v2/tasks/KANA-P0001-NS-02/downloads/found_pdfs/record_109465/record_109465.pdf
112109,Patterns of suicides and self-harm in patients who were registered with a medicolegal center in a tertiary care hospital,112109.pdf,/home/kana/.openclaw/workspace/repos/Sys_mcs/analysis/pdf_download/112109.pdf,https://www.rmj.org.pk/fulltext/27-1702450972.pdf?1781533625,https://www.rmj.org.pk/index.php?mno=181165,Rawal Medical Journal,publisher open public pdf,high,/home/kana/.openclaw/workspace/outputs/kana_backlog_v2/tasks/KANA-P0001-NS-02/downloads/found_pdfs/record_112109/record_112109.pdf
112705,Comparison of PRISM-IV and PIM-III Score in Predicting Mortality in a Pediatric Intensive Care Unit,112705.pdf,/home/kana/.openclaw/workspace/repos/Sys_mcs/analysis/pdf_download/112705.pdf,https://www.ppj.org.pk/index.php/ppj/article/download/489/8,https://www.ppj.org.pk/index.php/ppj/article/view/489,Pakistan Pediatric Journal,publisher_open_access,high,/home/kana/.openclaw/workspace/outputs/kana_backlog_v2/tasks/KANA-P0001-NS-02/downloads/found_pdfs/record_112705/record_112705.pdf
113611,Modeled Estimates of Disease Burden Att ributable to Interactions Between HIV and Depression in Kenya,113611.pdf,/home/kana/.openclaw/workspace/repos/Sys_mcs/analysis/pdf_download/113611.pdf,https://www.iasusa.org/wp-content/uploads/2024/03/32-1-3.pdf,https://www.iasusa.org/tam-32-1-abstracts/,"IAS-USA Topics in Antiviral Medicine, Volume 32 Issue 1, Special Issue: Abstracts From the 2024 Conference on Retroviruses and Opportunistic Infections",publisher open access public pdf,high,/home/kana/.openclaw/workspace/outputs/kana_backlog_v2/tasks/KANA-P0001-NS-02/downloads/found_pdfs/record_113611/record_113611.pdf
113616,62% of New HIV Infections and 63% of Deaths Now Reported in Countries Outside Southern/East Africa,113616.pdf,/home/kana/.openclaw/workspace/repos/Sys_mcs/analysis/pdf_download/113616.pdf,https://www.croiconference.org/wp-content/uploads/sites/2/posters/2024/1033.pdf,https://www.croiconference.org/croi-2024-resources/,CROI Conference ePoster Archive,lawful public conference poster pdf,high,/home/kana/.openclaw/workspace/outputs/kana_backlog_v2/tasks/KANA-P0001-NS-02/downloads/found_pdfs/record_113616/record_113616.pdf
114793,Provincial under-Five Mortality and Key Child Health Policy Indicators in the Context of Protracted Conflict: Secondary Analysis of Household and Facility Data in the Democratic Republic of Congo,114793.pdf,/home/kana/.openclaw/workspace/repos/Sys_mcs/analysis/pdf_download/114793.pdf,https://iris.who.int/server/api/core/bitstreams/f08d5de8-0d27-46f0-a770-cea975f880b5/content,https://iris.who.int/handle/10665/359461,WHO IRIS / Bulletin of the World Health Organization,lawful public open-access repository pdf,high,/home/kana/.openclaw/workspace/outputs/kana_backlog_v2/tasks/KANA-P0001-NS-02/downloads/found_pdfs/record_114793/record_114793.pdf
114798,"Detection and Sequencing of a Monkeypox Virus Outbreak in Maniema Province, Democratic Republic of the Congo",114798.pdf,/home/kana/.openclaw/workspace/repos/Sys_mcs/analysis/pdf_download/114798.pdf,https://d1lx8xdon3af7k.cloudfront.net/ASTMH_2022_Annual_Meeting_Abstract_Book_f4ded1c0a5.pdf,https://www.astmh.org/annual-meeting/past-meetings,"ASTMH 2022 Annual Meeting Abstract Book; supplement to The American Journal of Tropical Medicine and Hygiene, volume 107, number 4 supplement",public conference abstract book pdf hosted by astmh/cloudfront,high,/home/kana/.openclaw/workspace/outputs/kana_backlog_v2/tasks/KANA-P0001-NS-02/downloads/found_pdfs/record_114798/record_114798.pdf
114961,"Age, Poverty and Inequity Are Key Determinants of Dengue Severity in Colombia",114961.pdf,/home/kana/.openclaw/workspace/repos/Sys_mcs/analysis/pdf_download/114961.pdf,https://academic.oup.com/ofid/article-pdf/9/Supplement_2/ofac492.1000/47891179/ofac492.1000.pdf,https://academic.oup.com/ofid/article/9/Supplement_2/ofac492.1000/6902714,Oxford Academic / Open Forum Infectious Diseases,"publisher open access, cc by 4.0",high,/home/kana/.openclaw/workspace/outputs/kana_backlog_v2/tasks/KANA-P0001-NS-02/downloads/found_pdfs/record_114961/record_114961.pdf
114962,Experiences of Families Benefiting from Community Funds for Transportation Strategy in Manhica (Mozambique),114962.pdf,/home/kana/.openclaw/workspace/repos/Sys_mcs/analysis/pdf_download/114962.pdf,https://d1lx8xdon3af7k.cloudfront.net//ASTMH-2022-Annual-Meeting-Abstract-Book.pdf,https://www.astmh.org/annual-meeting/2022e-reg,"ASTMH 2022 Annual Meeting Abstract Book; supplement to The American Journal of Tropical Medicine and Hygiene, Volume 107, October 2022, Number 4 Supplement",lawful public society abstract-book pdf,high,/home/kana/.openclaw/workspace/outputs/kana_backlog_v2/tasks/KANA-P0001-NS-02/downloads/found_pdfs/record_114962/record_114962.pdf
117141,Low Dose Aspirin for Preventing Intrauterine Growth Restriction and Preeclampsia in Sickle Cell Pregnancy (PIPSICKLE): a Randomized Controlled Trial,117141.pdf,/home/kana/.openclaw/workspace/repos/Sys_mcs/analysis/pdf_download/117141.pdf,https://europepmc.org/api/getPdf?pmcid=PMC8365818,https://bmjopen.bmj.com/content/11/8/e047949,BMJ Open via Europe PMC,"publisher open access / pmc public full text, cc by-nc",high,/home/kana/.openclaw/workspace/outputs/kana_backlog_v2/tasks/KANA-P0001-NS-02/downloads/found_pdfs/record_117141/record_117141.pdf
117226,Determining Whether Mass Campaigns With Fractional Dose PCV10 Would Accelerate Herd Protection Against Pneumococcal Transmission in Sub-Saharan Africa,117226.pdf,/home/kana/.openclaw/workspace/repos/Sys_mcs/analysis/pdf_download/117226.pdf,https://cdn.clinicaltrials.gov/large-docs/14/NCT05175014/Prot_SAP_000.pdf,https://clinicaltrials.gov/study/NCT05175014,ClinicalTrials.gov,public clinicaltrials.gov posted protocol/sap pdf,high,/home/kana/.openclaw/workspace/outputs/kana_backlog_v2/tasks/KANA-P0001-NS-02/downloads/found_pdfs/record_117226/record_117226.pdf
117247,Comparative Effect of Protein Prescription Strategies on Nitrogen Balance and Upshots in Critically Ill Patients,117247.pdf,/home/kana/.openclaw/workspace/repos/Sys_mcs/analysis/pdf_download/117247.pdf,https://jpma.org.pk/index.php/public_html/article/view/20753/4082,https://jpma.org.pk/index.php/public_html/article/view/20753,Journal of the Pakistan Medical Association,publisher open access pdf,high,/home/kana/.openclaw/workspace/outputs/kana_backlog_v2/tasks/KANA-P0001-NS-02/downloads/found_pdfs/record_117247/record_117247.pdf
117262,"Heat Emergency Awareness and Treatment (HEAT): A Cluster Randomized Trial to Assess the Impact of a Comprehensive Intervention to Mitigate Humanitarian Crisis Due to Extreme Heat in Karachi, Pakistan",117262.pdf,/home/kana/.openclaw/workspace/repos/Sys_mcs/analysis/pdf_download/117262.pdf,https://pmc.ncbi.nlm.nih.gov/articles/PMC8804631/pdf/bmjgh-2021-006845.pdf,https://pmc.ncbi.nlm.nih.gov/articles/PMC8804631/,PMC / BMJ Global Health,open access; pmc oa feed reports cc by-nc,medium,/home/kana/.openclaw/workspace/outputs/kana_backlog_v2/tasks/KANA-P0001-NS-02/downloads/found_pdfs/record_117262/record_117262.pdf
117384,Evaluation of the Treatment of Moderate and Severe Acute Malnutrition in Outpatient Care Services in Venezuela: a Multicentric and Prospective Cohort Research,117384.pdf,/home/kana/.openclaw/workspace/repos/Sys_mcs/analysis/pdf_download/117384.pdf,https://www.medrxiv.org/content/10.64898/2026.04.27.26351902v1.full.pdf,https://www.medrxiv.org/content/10.64898/2026.04.27.26351902v1,medRxiv,public preprint pdf; cc-by 4.0,high,/home/kana/.openclaw/workspace/outputs/kana_backlog_v2/tasks/KANA-P0001-NS-02/downloads/found_pdfs/record_117384/record_117384.pdf
117446,Effects of Pursed Lip Breathing With Arm Ergometry After Chin Supported Position in COPD Patients,117446.pdf,/home/kana/.openclaw/workspace/repos/Sys_mcs/analysis/pdf_download/117446.pdf,https://pjmhsonline.com/pjmhs/article/download/2823/2787/9154,https://pjmhsonline.com/pjmhs/article/view/2823,Pakistan Journal of Medical & Health Sciences,publisher open access pdf,high,/home/kana/.openclaw/workspace/outputs/kana_backlog_v2/tasks/KANA-P0001-NS-02/downloads/found_pdfs/record_117446/record_117446.pdf
117470,Effectiveness and Acceptability of Nutritional Rehabilitation Based on Ready-to-use Food in HIV-infected Children and Adolescents in Senegal: The Multicentre SNAC'S Study,117470.pdf,/home/kana/.openclaw/workspace/repos/Sys_mcs/analysis/pdf_download/117470.pdf,https://linitiative.expertisefrance.fr/app/uploads/2025/01/study-nutritional-rehabilitation-in-senegalese-children-and-adolescents-with-hiv.pdf,https://clinicaltrials.gov/study/NCT03101852,L'Initiative / Expertise France public PDF abstract preview,lawful public pdf,high,/home/kana/.openclaw/workspace/outputs/kana_backlog_v2/tasks/KANA-P0001-NS-02/downloads/found_pdfs/record_117470/record_117470.pdf
117492,Impact Assessment of Benazir Nashonuma Program (BNP) on Stunting Prevention Among Children 0-59 Months of Age in Pakistan,117492.pdf,/home/kana/.openclaw/workspace/repos/Sys_mcs/analysis/pdf_download/117492.pdf,https://pmc.ncbi.nlm.nih.gov/articles/PMC12207155/pdf/bmjopen-15-6.pdf,https://pmc.ncbi.nlm.nih.gov/articles/PMC12207155/,PubMed Central / BMJ Open,open access cc by 4.0,high,/home/kana/.openclaw/workspace/outputs/kana_backlog_v2/tasks/KANA-P0001-NS-02/downloads/found_pdfs/record_117492/record_117492.pdf
117577,Universal Versus Conditional Three-day Follow-up Visit for Children With Unclassified Fever at the Community Level: A Study to be Conducted in Ethiopia,117577.pdf,/home/kana/.openclaw/workspace/repos/Sys_mcs/analysis/pdf_download/117577.pdf,https://journals.plos.org/plosmedicine/article/file?id=10.1371/journal.pmed.1002553&type=printable,https://journals.plos.org/plosmedicine/article?id=10.1371%2Fjournal.pmed.1002553,PLOS Medicine,publisher open access,high,/home/kana/.openclaw/workspace/outputs/kana_backlog_v2/tasks/KANA-P0001-NS-02/downloads/found_pdfs/record_117577/record_117577.pdf
117660,"Effect of a Fortified Balanced Energy-Protein Supplement on Birth Outcome and Child Growth in Hounde District, Burkina Faso",117660.pdf,/home/kana/.openclaw/workspace/repos/Sys_mcs/analysis/pdf_download/117660.pdf,https://biblio.ugent.be/publication/8701278/file/8701279.pdf,https://biblio.ugent.be/publication/8701278,Ghent University Academic Bibliography; ClinicalTrials.gov NCT03533712 derived references,"open repository pdf, published version, cc by 4.0",medium,/home/kana/.openclaw/workspace/outputs/kana_backlog_v2/tasks/KANA-P0001-NS-02/downloads/found_pdfs/record_117660/record_117660.pdf
117718,Mortalite Infantile Reduite Par l'Administration de Masse de l'Azitromycine,117718.pdf,/home/kana/.openclaw/workspace/repos/Sys_mcs/analysis/pdf_download/117718.pdf,https://pmc.ncbi.nlm.nih.gov/articles/PMC13059839/pdf/bmjgh-11-1.pdf,https://pmc.ncbi.nlm.nih.gov/articles/PMC13059839/,PubMed Central / BMJ Global Health,"open access, cc by 4.0",high,/home/kana/.openclaw/workspace/outputs/kana_backlog_v2/tasks/KANA-P0001-NS-02/downloads/found_pdfs/record_117718/record_117718.pdf
117733,Role of LncRNA H19 in The Regulation of IGF-1R Expression: A Possible Association Between Type 2 Diabetes and Hepatocellular Carcinoma,117733.pdf,/home/kana/.openclaw/workspace/repos/Sys_mcs/analysis/pdf_download/117733.pdf,https://www.medicaljournalofcairouniversity.net/images/pdf/2022/September/33.pdf,https://mjcu.journals.ekb.eg/article_264607.html,The Medical Journal of Cairo University / journal public website,lawful public publisher pdf,high,/home/kana/.openclaw/workspace/outputs/kana_backlog_v2/tasks/KANA-P0001-NS-02/downloads/found_pdfs/record_117733/record_117733.pdf
117758,Study of Environmental Enteropathy and Malnutrition in Pakistan,117758.pdf,/home/kana/.openclaw/workspace/repos/Sys_mcs/analysis/pdf_download/117758.pdf,https://bmcpediatr.biomedcentral.com/counter/pdf/10.1186/s12887-019-1564-x.pdf,https://bmcpediatr.biomedcentral.com/articles/10.1186/s12887-019-1564-x,BMC Pediatrics / BioMed Central,publisher open access,high,/home/kana/.openclaw/workspace/outputs/kana_backlog_v2/tasks/KANA-P0001-NS-02/downloads/found_pdfs/record_117758/record_117758.pdf
117764,"Effectiveness of an Integrated Treatment Protocol for Acute Malnutrition: A Non Inferiority Trial in Passore Province (Northern Region), Burkina Faso",117764.pdf,/home/kana/.openclaw/workspace/repos/Sys_mcs/analysis/pdf_download/117764.pdf,https://hal.science/hal-03117419/document,https://hal.science/hal-03117419,HAL open repository,lawful public repository pdf / author manuscript,high,/home/kana/.openclaw/workspace/outputs/kana_backlog_v2/tasks/KANA-P0001-NS-02/downloads/found_pdfs/record_117764/record_117764.pdf
117765,Integrating Mobile Phone-Based Intervention With Test and Treat Strategy to Improve Clinic Attendance for Antiretroviral Pills Pick Up Among HIV Positive Individuals in Nepal: A Randomized Controlled Trial,117765.pdf,/home/kana/.openclaw/workspace/repos/Sys_mcs/analysis/pdf_download/117765.pdf,https://repository.dl.itc.u-tokyo.ac.jp/record/2002507/files/A36155.pdf,https://repository.dl.itc.u-tokyo.ac.jp/records/2002507,University of Tokyo Repository,open access institutional repository pdf; publisher article pdf on springer was subscription/paywalled,medium,/home/kana/.openclaw/workspace/outputs/kana_backlog_v2/tasks/KANA-P0001-NS-02/downloads/found_pdfs/record_117765/record_117765.pdf
117782,Azithromycin as Adjunctive Treatment for Uncomplicated Severe Acute Malnutrition: the AMOUR Trial,117782.pdf,/home/kana/.openclaw/workspace/repos/Sys_mcs/analysis/pdf_download/117782.pdf,https://pmc.ncbi.nlm.nih.gov/articles/PMC12215140/pdf/bmjopen-15-7.pdf,https://pmc.ncbi.nlm.nih.gov/articles/PMC12215140/,PubMed Central / BMJ Open,"open access article pdf, cc by-nc 4.0",high,/home/kana/.openclaw/workspace/outputs/kana_backlog_v2/tasks/KANA-P0001-NS-02/downloads/found_pdfs/record_117782/record_117782.pdf
117788,Primary Prevention of Stroke in Children With Sickle Cell Anaemia in Nigeria: Community vs Teaching Hospital,117788.pdf,/home/kana/.openclaw/workspace/repos/Sys_mcs/analysis/pdf_download/117788.pdf,https://www.researchprotocols.org/2022/6/e37927/PDF,https://www.researchprotocols.org/2022/6/e37927/,JMIR Research Protocols,publisher open access; jmir page states creative commons attribution license,high,/home/kana/.openclaw/workspace/outputs/kana_backlog_v2/tasks/KANA-P0001-NS-02/downloads/found_pdfs/record_117788/record_117788.pdf
117860,Efficacy of Tranexamic Acid in Preventing Postpartum Haemorrhage After Elective Caesarean Section,117860.pdf,/home/kana/.openclaw/workspace/repos/Sys_mcs/analysis/pdf_download/117860.pdf,https://cdn.clinicaltrials.gov/large-docs/93/NCT03463993/Prot_SAP_000.pdf,https://clinicaltrials.gov/study/NCT03463993,ClinicalTrials.gov public study documents,lawful public registry pdf; study protocol and statistical analysis plan,high,/home/kana/.openclaw/workspace/outputs/kana_backlog_v2/tasks/KANA-P0001-NS-02/downloads/found_pdfs/record_117860/record_117860.pdf
117868,Operational Experience With Non-routine Use of Antibiotics in the Treatment of Severe Uncomplicated Acute Malnutrition in Children,117868.pdf,/home/kana/.openclaw/workspace/repos/Sys_mcs/analysis/pdf_download/117868.pdf,https://epicentre.msf.org/sites/default/files/2018-12/2_abstract_js_epicentre_2018_brigitte_chokotte_0.pdf,https://epicentre.msf.org/en/scientific-days/scientific-day-2018,Epicentre / Médecins Sans Frontières Scientific Day 2018 abstract,lawful public sponsor-hosted pdf,high,/home/kana/.openclaw/workspace/outputs/kana_backlog_v2/tasks/KANA-P0001-NS-02/downloads/found_pdfs/record_117868/record_117868.pdf
117997,Proactive Community Case Management and Child Survival: A Cluster-Randomized Controlled Trial,117997.pdf,/home/kana/.openclaw/workspace/repos/Sys_mcs/analysis/pdf_download/117997.pdf,https://escholarship.org/content/qt04r5g1hh/qt04r5g1hh.pdf,https://escholarship.org/uc/item/04r5g1hh,eScholarship / UC San Francisco Previously Published Works,lawful public open access repository pdf; cc by-nc 4.0,high,/home/kana/.openclaw/workspace/outputs/kana_backlog_v2/tasks/KANA-P0001-NS-02/downloads/found_pdfs/record_117997/record_117997.pdf
118003,Azithromycin to Prevent Post-discharge Morbidity and Mortality in Kenyan Children,118003.pdf,/home/kana/.openclaw/workspace/repos/Sys_mcs/analysis/pdf_download/118003.pdf,https://pmc.ncbi.nlm.nih.gov/articles/PMC5778294/pdf/bmjopen-2017-019170.pdf,https://pmc.ncbi.nlm.nih.gov/articles/PMC5778294/,PubMed Central / BMJ Open,open access public pdf,high,/home/kana/.openclaw/workspace/outputs/kana_backlog_v2/tasks/KANA-P0001-NS-02/downloads/found_pdfs/record_118003/record_118003.pdf
118021,"Exhaustive, Cross-sectional, Non-interventional, Multicenter Retrospective Epidemiological Study of the COVID-2019 Incidence and Prevention Methods of SARS, Including COVID-2019, Among Staff of Participating Organizations",118021.pdf,/home/kana/.openclaw/workspace/repos/Sys_mcs/analysis/pdf_download/118021.pdf,https://cdn.clinicaltrials.gov/large-docs/42/NCT05043142/Prot_SAP_000.pdf,https://clinicaltrials.gov/study/NCT05043142,ClinicalTrials.gov,lawful public registry document; study protocol/sap synopsis pdf,high,/home/kana/.openclaw/workspace/outputs/kana_backlog_v2/tasks/KANA-P0001-NS-02/downloads/found_pdfs/record_118021/record_118021.pdf
118025,Effectiveness and Safety of Medical Treatment for SARS-CoV-2 (COVID-19) in Colombia: A Pragmatic Randomized Controlled Trial,118025.pdf,/home/kana/.openclaw/workspace/repos/Sys_mcs/analysis/pdf_download/118025.pdf,https://pmc-oa-opendata.s3.amazonaws.com/PMC8686571.1/PMC8686571.1.pdf,https://pmc.ncbi.nlm.nih.gov/articles/PMC8686571/,NCBI PubMed Central / PMC Open Access AWS dataset,public open access pdf via pmc aws; article license reported as cc by-nc-nd in pmc bioc/crossref metadata,high,/home/kana/.openclaw/workspace/outputs/kana_backlog_v2/tasks/KANA-P0001-NS-02/downloads/found_pdfs/record_118025/record_118025.pdf
118094,"Effectiveness, Safety and Perceptions With the Use of One LED Blanket Device in the Ambulatory Treatment of Neonatal Jaundice",118094.pdf,/home/kana/.openclaw/workspace/repos/Sys_mcs/analysis/pdf_download/118094.pdf,https://www.analesdepediatria.org/en-download-pdf-S2341287920300028,https://www.analesdepediatria.org/en-effectiveness-safety-two-phototherapy-devices-articulo-S2341287920300028,Anales de Pediatria (English Edition) / Elsevier Espana,publisher open access pdf; article page marks open access and crossref license includes cc by-nc-nd 4.0,high,/home/kana/.openclaw/workspace/outputs/kana_backlog_v2/tasks/KANA-P0001-NS-02/downloads/found_pdfs/record_118094/record_118094.pdf
118105,"Building the Evidence Base for Appropriate Care of the Sick, Undernourished Child in Limited Resource Settings",118105.pdf,/home/kana/.openclaw/workspace/repos/Sys_mcs/analysis/pdf_download/118105.pdf,https://depts.washington.edu/globalwach/wordpress/wp-content/uploads/2020/12/CHAIN_2019_CHAIN-Protocol_BMJ.pdf,https://bmjopen.bmj.com/content/9/5/e028454,University of Washington Global WACh public PDF copy of BMJ Open open-access article,public open access pdf; bmj open article distributed under cc by 4.0,high,/home/kana/.openclaw/workspace/outputs/kana_backlog_v2/tasks/KANA-P0001-NS-02/downloads/found_pdfs/record_118105/record_118105.pdf
118130,Assessment of a Combined Strategy of Seasonal Malaria Chemoprevention + Supplementation With PlumpyDoz and Vitamin A-Zinc to Prevent Malaria and Malnutrition in Burkina Faso,118130.pdf,/home/kana/.openclaw/workspace/repos/Sys_mcs/analysis/pdf_download/118130.pdf,https://ora.ox.ac.uk/objects/uuid:c8643259-b5d1-45be-9d90-940c151f6afd/files/rrf55zb05x,https://ora.ox.ac.uk/objects/uuid:c8643259-b5d1-45be-9d90-940c151f6afd,Oxford University Research Archive,lawful open-access repository pdf; version of record under creative commons attribution 4.0,high,/home/kana/.openclaw/workspace/outputs/kana_backlog_v2/tasks/KANA-P0001-NS-02/downloads/found_pdfs/record_118130/record_118130.pdf
118132,Pancreatic Enzymes and Bile Acids: A Non-Antibiotic Approach to Treat Intestinal Dysbiosis in Acutely Ill Severely Malnourished Children,118132.pdf,/home/kana/.openclaw/workspace/repos/Sys_mcs/analysis/pdf_download/118132.pdf,https://www.medrxiv.org/content/10.64898/2025.12.22.25342418v1.full.pdf,https://www.medrxiv.org/content/10.64898/2025.12.22.25342418v1,medRxiv,"open access preprint, cc by 4.0",high,/home/kana/.openclaw/workspace/outputs/kana_backlog_v2/tasks/KANA-P0001-NS-02/downloads/found_pdfs/record_118132/record_118132.pdf
118319,Optimized and Simplified Management of Acute Malnutrition in Children Aged 6 to 59 Months: a Community-based Clinical Randomized Controlled Trial in the Democratic Republic of Congo,118319.pdf,/home/kana/.openclaw/workspace/repos/Sys_mcs/analysis/pdf_download/118319.pdf,https://pmc.ncbi.nlm.nih.gov/articles/PMC7713214/pdf/bmjopen-2020-041213.pdf,https://pmc.ncbi.nlm.nih.gov/articles/PMC7713214/,PubMed Central / BMJ Open,"open access article, cc by; downloaded from ncbi pmc oa package",high,/home/kana/.openclaw/workspace/outputs/kana_backlog_v2/tasks/KANA-P0001-NS-02/downloads/found_pdfs/record_118319/record_118319.pdf
118324,Comparison of 7th Day All-Cause Mortality Among HDU Patients With Modified Early Warning Score of >= 5 With Those With Score of < 5,118324.pdf,/home/kana/.openclaw/workspace/repos/Sys_mcs/analysis/pdf_download/118324.pdf,https://www.pjms.org.pk/index.php/pjms/article/download/2832/817/23658,https://www.pjms.org.pk/index.php/pjms/article/view/2832,Pakistan Journal of Medical Sciences,publisher open access; creative commons attribution license,high,/home/kana/.openclaw/workspace/outputs/kana_backlog_v2/tasks/KANA-P0001-NS-02/downloads/found_pdfs/record_118324/record_118324.pdf
118327,Community Health Azithromycin Trial in Burkina Faso,118327.pdf,/home/kana/.openclaw/workspace/repos/Sys_mcs/analysis/pdf_download/118327.pdf,https://cdn.clinicaltrials.gov/large-docs/64/NCT03676764/Prot_002.pdf,https://clinicaltrials.gov/study/NCT03676764,ClinicalTrials.gov,lawful public clinicaltrials.gov protocol pdf,high,/home/kana/.openclaw/workspace/outputs/kana_backlog_v2/tasks/KANA-P0001-NS-02/downloads/found_pdfs/record_118327/record_118327.pdf
118328,Observational Cohort Study of Lassa Fever Clinical Course and Prognostic Factors in an Epidemic Context in Nigeria,118328.pdf,/home/kana/.openclaw/workspace/repos/Sys_mcs/analysis/pdf_download/118328.pdf,https://europepmc.org/articles/PMC7616915?pdf=render,https://pmc.ncbi.nlm.nih.gov/articles/PMC7616915/,Europe PMC / PubMed Central,open_access_cc_by_nc_nd,high,/home/kana/.openclaw/workspace/outputs/kana_backlog_v2/tasks/KANA-P0001-NS-02/downloads/found_pdfs/record_118328/record_118328.pdf
118332,"Neonates and Azithromycin, an Innovation in the Treatment of Children in Burkina Faso",118332.pdf,/home/kana/.openclaw/workspace/repos/Sys_mcs/analysis/pdf_download/118332.pdf,https://cdn.clinicaltrials.gov/large-docs/53/NCT03682653/Prot_000.pdf,https://clinicaltrials.gov/study/NCT03682653,ClinicalTrials.gov,public clinicaltrials.gov registry protocol/manual pdf,high,/home/kana/.openclaw/workspace/outputs/kana_backlog_v2/tasks/KANA-P0001-NS-02/downloads/found_pdfs/record_118332/record_118332.pdf
118367,Enhancing Preventive Therapy of Malaria In Children With Sickle Cell Anemia in East Africa (EPiTOMISE),118367.pdf,/home/kana/.openclaw/workspace/repos/Sys_mcs/analysis/pdf_download/118367.pdf,https://cdn.clinicaltrials.gov/large-docs/43/NCT03178643/Prot_SAP_000.pdf,https://clinicaltrials.gov/study/NCT03178643,ClinicalTrials.gov,lawful public clinical trial registry protocol/sap pdf,high,/home/kana/.openclaw/workspace/outputs/kana_backlog_v2/tasks/KANA-P0001-NS-02/downloads/found_pdfs/record_118367/record_118367.pdf
118409,"Nutritional Support and Prophylaxis Doses of Azithromycin for Pregnant Women to Improve Birth Outcomes in the Peri-urban Slums of Karachi, Pakistan -a Randomized Controlled Trial",118409.pdf,/home/kana/.openclaw/workspace/repos/Sys_mcs/analysis/pdf_download/118409.pdf,https://link.springer.com/content/pdf/10.1186/s13063-021-05960-9.pdf,https://link.springer.com/article/10.1186/s13063-021-05960-9,Springer Nature / Trials,publisher open access; creative commons attribution 4.0,high,/home/kana/.openclaw/workspace/outputs/kana_backlog_v2/tasks/KANA-P0001-NS-02/downloads/found_pdfs/record_118409/record_118409.pdf
118440,"Programme Effectiveness of an Integrated Programme to Reduce Maternal and Child Malnutrition in Kenya: Cluster Randomized, Parallel-group, Prospective, Follow-up Effectiveness Study in Children 6-35 Months of Age at Recruitment",118440.pdf,/home/kana/.openclaw/workspace/repos/Sys_mcs/analysis/pdf_download/118440.pdf,https://cdn.clinicaltrials.gov/large-docs/84/NCT03448484/Prot_000.pdf,https://clinicaltrials.gov/study/NCT03448484,ClinicalTrials.gov,lawful public clinicaltrials.gov protocol pdf,high,/home/kana/.openclaw/workspace/outputs/kana_backlog_v2/tasks/KANA-P0001-NS-02/downloads/found_pdfs/record_118440/record_118440.pdf
118442,"Impact of a Supplement of Vegetable Oils on Body Weight and Composition, Insulin Sensitivity and Other Cardiovascular Risk Factors in People at Risk of Developing Type 2 Diabetes Mellitus",118442.pdf,/home/kana/.openclaw/workspace/repos/Sys_mcs/analysis/pdf_download/118442.pdf,https://link.springer.com/content/pdf/10.1007/s13300-019-00721-z.pdf,https://link.springer.com/article/10.1007/s13300-019-00721-z,Springer / Diabetes Therapy,publisher open access,high,/home/kana/.openclaw/workspace/outputs/kana_backlog_v2/tasks/KANA-P0001-NS-02/downloads/found_pdfs/record_118442/record_118442.pdf
118458,"Retrospective Morbidity and Mortality Study of Conflict-Related Injuries: Erbil, Iraq",118458.pdf,/home/kana/.openclaw/workspace/repos/Sys_mcs/analysis/pdf_download/118458.pdf,https://link.springer.com/content/pdf/10.1007/s00268-018-4817-1.pdf,https://link.springer.com/article/10.1007/s00268-018-4817-1,Springer Nature Link / World Journal of Surgery,"publisher open access, creative commons attribution 4.0 international license",high,/home/kana/.openclaw/workspace/outputs/kana_backlog_v2/tasks/KANA-P0001-NS-02/downloads/found_pdfs/record_118458/record_118458.pdf
118517,"Testing the Effectiveness of a Modified Care Group Model in Improving Child Health Outcomes in Mashonaland East, Zimbabwe",118517.pdf,/home/kana/.openclaw/workspace/repos/Sys_mcs/analysis/pdf_download/118517.pdf,https://eu-opensci.org/index.php/ejmed/article/download/40354/9001,https://eu-opensci.org/index.php/ejmed/article/view/40354,European Journal of Medical and Health Sciences / European Open Science Publishing,publisher open access; crossref license metadata reports cc by 4.0,high,/home/kana/.openclaw/workspace/outputs/kana_backlog_v2/tasks/KANA-P0001-NS-02/downloads/found_pdfs/record_118517/record_118517.pdf
118521,Pre-delivery Administration of Azithromycin to Prevent Neonatal Sepsis and Death: a Phase III Double-blind Randomized Clinical Trial,118521.pdf,/home/kana/.openclaw/workspace/repos/Sys_mcs/analysis/pdf_download/118521.pdf,https://www.ijclinicaltrials.com/index.php/ijct/article/download/570/310/2414,https://www.ijclinicaltrials.com/index.php/ijct/article/view/570,International Journal of Clinical Trials,publisher open access; creative commons attribution non-commercial license stated in pdf,high,/home/kana/.openclaw/workspace/outputs/kana_backlog_v2/tasks/KANA-P0001-NS-02/downloads/found_pdfs/record_118521/record_118521.pdf
118554,Agricultural Intervention for Food Security and HIV Health Outcomes in Kenya,118554.pdf,/home/kana/.openclaw/workspace/repos/Sys_mcs/analysis/pdf_download/118554.pdf,https://cdn.clinicaltrials.gov/large-docs/79/NCT02815579/Prot_001.pdf,https://clinicaltrials.gov/study/NCT02815579,ClinicalTrials.gov,lawful public clinical trial protocol pdf,high,/home/kana/.openclaw/workspace/outputs/kana_backlog_v2/tasks/KANA-P0001-NS-02/downloads/found_pdfs/record_118554/record_118554.pdf
118622,Pharmacokinetics of Antimicrobials and Carriage of Antimicrobial Resistance Amongst Hospitalised Children With Severe Acute Malnutrition,118622.pdf,/home/kana/.openclaw/workspace/repos/Sys_mcs/analysis/pdf_download/118622.pdf,https://ctr.pharmacyboardkenya.org/applications/view/484.pdf,https://ctr.pharmacyboardkenya.org/applications/view/484,Pharmacy and Poisons Board Kenya Clinical Trials Registry,lawful public regulator pdf,high,/home/kana/.openclaw/workspace/outputs/kana_backlog_v2/tasks/KANA-P0001-NS-02/downloads/found_pdfs/record_118622/record_118622.pdf
118689,Therapeutic Approaches to Malnutrition Enteropathy: Phase II Trials of Four Novel Interventions in Children in Zambia and Zimbabwe,118689.pdf,/home/kana/.openclaw/workspace/repos/Sys_mcs/analysis/pdf_download/118689.pdf,https://ftp.ncbi.nlm.nih.gov/pub/pmc/deprecated/oa_package/06/31/PMC6887014.tar.gz#PMC6887014/bmjopen-2018-027548.pdf,https://bmjopen.bmj.com/content/9/11/e027548,NCBI PubMed Central Open Access package / BMJ Open,open_access_cc_by,high,/home/kana/.openclaw/workspace/outputs/kana_backlog_v2/tasks/KANA-P0001-NS-02/downloads/found_pdfs/record_118689/record_118689.pdf
118737,Cutaneous Manifestations of Coronavirus Disease 2019(COVID-19),118737.pdf,/home/kana/.openclaw/workspace/repos/Sys_mcs/analysis/pdf_download/118737.pdf,https://pmc.ncbi.nlm.nih.gov/articles/PMC9349627/pdf/JOCD-9999-0.pdf,https://pmc.ncbi.nlm.nih.gov/articles/PMC9349627/,PubMed Central / Wiley Journal of Cosmetic Dermatology,lawful public full text; pmc-hosted publisher pdf,high,/home/kana/.openclaw/workspace/outputs/kana_backlog_v2/tasks/KANA-P0001-NS-02/downloads/found_pdfs/record_118737/record_118737.pdf
118747,Impact of Systematic Early Tuberculosis Detection Using Xpert MTB/RIF Ultra in Children with Severe Pneumonia in High Tuberculosis Burden Countries,118747.pdf,/home/kana/.openclaw/workspace/repos/Sys_mcs/analysis/pdf_download/118747.pdf,https://link.springer.com/content/pdf/10.1186/s12887-021-02576-5.pdf,https://link.springer.com/article/10.1186/s12887-021-02576-5,BMC Pediatrics / Springer Nature,"publisher open access, creative commons attribution 4.0 international license",high,/home/kana/.openclaw/workspace/outputs/kana_backlog_v2/tasks/KANA-P0001-NS-02/downloads/found_pdfs/record_118747/record_118747.pdf
118804,"Local Dishes Versus Ready-to-use Therapeutic Foods in the Management of Severe Acute Malnutrition During the Rehabilitation Phase: a Randomized, Single-blind Study at the Regional Hospital Annex of Mokolo (Cameroon)",118804.pdf,/home/kana/.openclaw/workspace/repos/Sys_mcs/analysis/pdf_download/118804.pdf,https://www.scirp.org/pdf/fns_2704252.pdf,https://www.scirp.org/journal/paperinformation?paperid=147423,SCIRP / Food and Nutrition Sciences,publisher open access pdf,high,/home/kana/.openclaw/workspace/outputs/kana_backlog_v2/tasks/KANA-P0001-NS-02/downloads/found_pdfs/record_118804/record_118804.pdf
118904,Policy Responses Against the COVID-19 Pandemic in Latin America: Interrupted Series Analyses of Local Governments,118904.pdf,/home/kana/.openclaw/workspace/repos/Sys_mcs/analysis/pdf_download/118904.pdf,https://cdn.clinicaltrials.gov/large-docs/18/NCT04816318/Prot_001.pdf,https://clinicaltrials.gov/study/NCT04816318,ClinicalTrials.gov,lawful public clinicaltrials.gov study protocol pdf,high,/home/kana/.openclaw/workspace/outputs/kana_backlog_v2/tasks/KANA-P0001-NS-02/downloads/found_pdfs/record_118904/record_118904.pdf
118931,"Presenting Nutrition Characteristics, Comorbidities and Outcomes of COVID-19 in African Humanitarian Settings: a Prospective Cohort Study in South Sudan and DRC",118931.pdf,/home/kana/.openclaw/workspace/repos/Sys_mcs/analysis/pdf_download/118931.pdf,https://www.anh-academy.org/sites/default/files/2021-06/ANH2021_Jennifer%20Majer_Mbong%20Eta%20Ngole_Kalechi%20Udoh%20and%20Shannon%20Doocy_Poster.pdf,https://www.anh-academy.org/sites/default/files/2021-06/ANH2021_Jennifer%20Majer_Mbong%20Eta%20Ngole_Kalechi%20Udoh%20and%20Shannon%20Doocy_Poster.pdf,ANH Academy,lawful public conference poster pdf,high,/home/kana/.openclaw/workspace/outputs/kana_backlog_v2/tasks/KANA-P0001-NS-02/downloads/found_pdfs/record_118931/record_118931.pdf
118941,"Multi-Sectoral Agricultural Intervention to Improve Nutrition, Health, and Developmental Outcomes of HIV-infected and Affected Children in Western Kenya",118941.pdf,/home/kana/.openclaw/workspace/repos/Sys_mcs/analysis/pdf_download/118941.pdf,https://ftp.ncbi.nlm.nih.gov/pub/pmc/deprecated/oa_pdf/ae/4f/bmjopen-2023-077637.PMC11163615.pdf,https://bmjopen.bmj.com/content/14/6/e077637,PubMed Central / BMJ Open,open access; cc by-nc 4.0; downloaded via ncbi pmc open access legacy/deprecated pdf distribution,medium,/home/kana/.openclaw/workspace/outputs/kana_backlog_v2/tasks/KANA-P0001-NS-02/downloads/found_pdfs/record_118941/record_118941.pdf
118950,Outcome for Patients With War-Associated Extremity Wound Infection,118950.pdf,/home/kana/.openclaw/workspace/repos/Sys_mcs/analysis/pdf_download/118950.pdf,http://www.appsinmedic.com/servers/kirurg2018/absFiles/poster_7901.pdf,https://2018.kirurgveckan.se/las-abstracts/,Kirurgveckan 2018 abstract/poster listing,public conference poster pdf,high,/home/kana/.openclaw/workspace/outputs/kana_backlog_v2/tasks/KANA-P0001-NS-02/downloads/found_pdfs/record_118950/record_118950.pdf
119478,"Unmasking Tuberculosis: A Global Health Crisis in the Shadows""-Report 2024: Key Findings",119478.pdf,/home/kana/.openclaw/workspace/repos/Sys_mcs/analysis/pdf_download/119478.pdf,https://iris.who.int/server/api/core/bitstreams/7292c91e-ffb0-4cef-ac39-0200f06961ea/content,https://www.who.int/teams/global-programme-on-tuberculosis-and-lung-health/tb-reports/global-tuberculosis-report-2024,World Health Organization / WHO IRIS,official open-access report pdf; cc by-nc-sa 3.0 igo,medium,/home/kana/.openclaw/workspace/outputs/kana_backlog_v2/tasks/KANA-P0001-NS-02/downloads/found_pdfs/record_119478/record_119478.pdf
119600,Trends in cancer burden in Pakistan: A 30-year analysis from the global burden of disease study (1990-2019),119600.pdf,/home/kana/.openclaw/workspace/repos/Sys_mcs/analysis/pdf_download/119600.pdf,https://pmc.ncbi.nlm.nih.gov/articles/PMC12950877/pdf/can-20-2060.pdf,https://ecancer.org/en/journal/article/2060-trends-in-cancer-burden-in-pakistan-a-30-year-analysis-from-the-global-burden-of-disease-study-1990-2019,PMC / ecancer,open_access_cc_by,high,/home/kana/.openclaw/workspace/outputs/kana_backlog_v2/tasks/KANA-P0001-NS-02/downloads/found_pdfs/record_119600/record_119600.pdf
119707,"Conflict Affected Populations in Syria: from Displacement, Utlisation of Health Services, Attacks on Healthcare, and Physical and Mental Health Outcomes to Locally Informed Health System Interventions",119707.pdf,/home/kana/.openclaw/workspace/repos/Sys_mcs/analysis/pdf_download/119707.pdf,https://thesbsm.org/wp-content/uploads/2024/03/APS_ProgramBOOK_2024_2-003-1.pdf,https://thesbsm.org/wp-content/uploads/2024/03/APS_ProgramBOOK_2024_2-003-1.pdf,American Psychosomatic Society 81st Annual Scientific Meeting program book,public conference program pdf,high,/home/kana/.openclaw/workspace/outputs/kana_backlog_v2/tasks/KANA-P0001-NS-02/downloads/found_pdfs/record_119707/record_119707.pdf
119803,Sepsis-Related Deaths among Children Below Five Years of Age Enrolled in the Child Health and Mortality Prevention Surveillance (Champs) Network Program in Sub-Saharan Africa and South Asia between 2017 - 2022,119803.pdf,/home/kana/.openclaw/workspace/repos/Sys_mcs/analysis/pdf_download/119803.pdf,https://d1lx8xdon3af7k.cloudfront.net//ASTMH-2024-Annual-Meeting-Abstract-Book-All-Abstracts.pdf,https://www.astmh.org/annual-meeting/2024e-reg,"ASTMH 2024 Annual Meeting Abstract Book / American Journal of Tropical Medicine and Hygiene 112(6_Suppl), abstract 8417",lawful public conference abstract book pdf,high,/home/kana/.openclaw/workspace/outputs/kana_backlog_v2/tasks/KANA-P0001-NS-02/downloads/found_pdfs/record_119803/record_119803.pdf
119821,"Impact of Covid-19 on Malaria: Clinical Changes before and during the Covid-19 Pandemic, a Retrospective Study in a Reference Center",119821.pdf,/home/kana/.openclaw/workspace/repos/Sys_mcs/analysis/pdf_download/119821.pdf,https://www.scirp.org/pdf/Oalib2024%2011null_1111494.pdf,https://www.scirp.org/journal/paperinformation?paperid=137309,Scientific Research Publishing / Open Access Library Journal,publisher open access; cc by 4.0,high,/home/kana/.openclaw/workspace/outputs/kana_backlog_v2/tasks/KANA-P0001-NS-02/downloads/found_pdfs/record_119821/record_119821.pdf
119837,Heterogenous Spatio-Temporal Distribution of Covid-19 Pandemic Progression in Peru,119837.pdf,/home/kana/.openclaw/workspace/repos/Sys_mcs/analysis/pdf_download/119837.pdf,https://d1lx8xdon3af7k.cloudfront.net//ASTMH-2024-Annual-Meeting-Abstract-Book-All-Abstracts.pdf,https://www.astmh.org/annual-meeting/2024e-reg,ASTMH 2024 Annual Meeting Abstract Book - All Abstracts,lawful public conference abstract book pdf,high,/home/kana/.openclaw/workspace/outputs/kana_backlog_v2/tasks/KANA-P0001-NS-02/downloads/found_pdfs/record_119837/record_119837.pdf
119853,Cluster Variation in under-Five Mortality in a Proactive Case Detection Intervention by Community Health Workers in Mali: Analysis of the Proccm Trial,119853.pdf,/home/kana/.openclaw/workspace/repos/Sys_mcs/analysis/pdf_download/119853.pdf,https://d1lx8xdon3af7k.cloudfront.net//ASTMH-2024-Annual-Meeting-Abstract-Book-All-Abstracts.pdf,https://www.astmh.org/annual-meeting/2024e-reg,"ASTMH 2024 Annual Meeting Abstract Book, abstract 6827",lawful public conference abstract book pdf,high,/home/kana/.openclaw/workspace/outputs/kana_backlog_v2/tasks/KANA-P0001-NS-02/downloads/found_pdfs/record_119853/record_119853.pdf
119857,"Retrospective Analysis of Cholera/Acute Watery Diarrhea (Awd) Outbreaks in Ethiopia from 2001 to 2023: Incidence, Case Fatality Rate (Cfr), and Seasonal and Multi-Year Epidemic Patterns",119857.pdf,/home/kana/.openclaw/workspace/repos/Sys_mcs/analysis/pdf_download/119857.pdf,https://pdfs.semanticscholar.org/5bdc/cd7935b960ca46d900e5e75a06dad24b9060.pdf,https://academic.oup.com/cid/article/79/Supplement_1/S8/7712959,Semantic Scholar public PDF mirror; publisher landing page is Oxford Academic / Clinical Infectious Diseases,lawful public repository pdf of open-access publisher article,high,/home/kana/.openclaw/workspace/outputs/kana_backlog_v2/tasks/KANA-P0001-NS-02/downloads/found_pdfs/record_119857/record_119857.pdf
119867,Characterization of Mortality among Children Admitted to a Rural Mozambican District Hospital: Twenty-Two Years of Continuous Hospital-Based Morbidity Surveillance,119867.pdf,/home/kana/.openclaw/workspace/repos/Sys_mcs/analysis/pdf_download/119867.pdf,https://d1lx8xdon3af7k.cloudfront.net//ASTMH-2024-Annual-Meeting-Abstract-Book-All-Abstracts.pdf,https://www.astmh.org/annual-meeting/2024e-reg,American Society of Tropical Medicine and Hygiene 2024 Annual Meeting Abstract Book,public conference abstract book pdf,high,/home/kana/.openclaw/workspace/outputs/kana_backlog_v2/tasks/KANA-P0001-NS-02/downloads/found_pdfs/record_119867/record_119867.pdf
121063,How Families React to Receiving Cause of Death Information of Children Enrolled in Child Health and Mortality Prevention Surveillance (Champs) in Mozambique: Rapid Qualitative Assessment,121063.pdf,/home/kana/.openclaw/workspace/repos/Sys_mcs/analysis/pdf_download/121063.pdf,https://d1lx8xdon3af7k.cloudfront.net/ASTMH_2022_Annual_Meeting_Abstract_Book_f4ded1c0a5.pdf,https://www.astmh.org/annual-meeting/2022e-reg,ASTMH 2022 Annual Meeting Abstract Book / American Journal of Tropical Medicine and Hygiene supplement,lawful public conference abstract book pdf hosted by astmh,high,/home/kana/.openclaw/workspace/outputs/kana_backlog_v2/tasks/KANA-P0001-NS-02/downloads/found_pdfs/record_121063/record_121063.pdf
121264,Traumatic Head Injuries Among Children Admitted to Azadi Teaching Hospital in Kirkuk/ Iraq,121264.pdf,/home/kana/.openclaw/workspace/repos/Sys_mcs/analysis/pdf_download/121264.pdf,https://www.bahrainmedicalbulletin.com/September_2025/BMB-25-1078.pdf,https://www.bahrainmedicalbulletin.com/issue_September2025.html,Bahrain Medical Bulletin,publisher_public_pdf,high,/home/kana/.openclaw/workspace/outputs/kana_backlog_v2/tasks/KANA-P0001-NS-02/downloads/found_pdfs/record_121264/record_121264.pdf
123222,"Multimorbidity, Mortality, and the COVID-19 Syndemic in Madagascar: A Decade of Health Surveillance Across 180 Diseases (2015-2024)",123222.pdf,/home/kana/.openclaw/workspace/repos/Sys_mcs/analysis/pdf_download/123222.pdf,https://pmc-oa-opendata.s3.amazonaws.com/PMC12874437.1/PMC12874437.1.pdf?md5=e72d64b3b8fe01e309c63c9b088d9874,https://www.cell.com/iscience/fulltext/S2589-0042(25)02705-1,PMC Open Access AWS copy of iScience/Cell Press article,"open access, cc by; pmc metadata reports is_pmc_openaccess=true and license_code=cc by",high,/home/kana/.openclaw/workspace/outputs/kana_backlog_v2/tasks/KANA-P0001-NS-02/downloads/found_pdfs/record_123222/record_123222.pdf
124187,Mortality Prediction in Multiple Trauma Patients: A Comparison of the Revised Trauma Score and MGAP Score at a Trauma Center,124187.pdf,/home/kana/.openclaw/workspace/repos/Sys_mcs/analysis/pdf_download/124187.pdf,https://www.researchsquare.com/article/rs-6597313/latest.pdf,https://www.researchsquare.com/article/rs-6597313/v1,Research Square,lawful public preprint pdf; research square landing page states cc by 4.0 license,medium,/home/kana/.openclaw/workspace/outputs/kana_backlog_v2/tasks/KANA-P0001-NS-02/downloads/found_pdfs/record_124187/record_124187.pdf
124242,Lactoferrin and Lysozyme Supplementation for Long-term Diarrhea Sequelae,124242.pdf,/home/kana/.openclaw/workspace/repos/Sys_mcs/analysis/pdf_download/124242.pdf,https://pmc.ncbi.nlm.nih.gov/articles/PMC11331881/pdf/bmjopen-14-8.pdf,https://pmc.ncbi.nlm.nih.gov/articles/PMC11331881/,PubMed Central / BMJ Open,open_access_public_pdf; cc by-nc 4.0,high,/home/kana/.openclaw/workspace/outputs/kana_backlog_v2/tasks/KANA-P0001-NS-02/downloads/found_pdfs/record_124242/record_124242.pdf
124331,Validation of a Point-of-care Screening Tool for Children With Sickle Cell Disease,124331.pdf,/home/kana/.openclaw/workspace/repos/Sys_mcs/analysis/pdf_download/124331.pdf,https://cdn.clinicaltrials.gov/large-docs/16/NCT03948516/Prot_SAP_000.pdf,https://clinicaltrials.gov/study/NCT03948516,ClinicalTrials.gov,lawful public clinical trial registry protocol/sap pdf,high,/home/kana/.openclaw/workspace/outputs/kana_backlog_v2/tasks/KANA-P0001-NS-02/downloads/found_pdfs/record_124331/record_124331.pdf
124393,"HIV Exposure, Disease Acquisition and Progression Among Children: Role of Maternal Immunogenetics, Viral Genetic Diversity, HAART Exposure, Co-morbidities and Psycho-Social Status: (UZ-CHS Birth Cohort)",124393.pdf,/home/kana/.openclaw/workspace/repos/Sys_mcs/analysis/pdf_download/124393.pdf,https://cdn.clinicaltrials.gov/large-docs/39/NCT04087239/Prot_001.pdf,https://clinicaltrials.gov/study/NCT04087239,ClinicalTrials.gov,lawful public clinical trial registry protocol pdf,high,/home/kana/.openclaw/workspace/outputs/kana_backlog_v2/tasks/KANA-P0001-NS-02/downloads/found_pdfs/record_124393/record_124393.pdf
124413,"Gut-Liver Axis Modulation With IgG-Enriched Immunotherapy in Severe Alcohol-Associated Hepatitis: A Multicentre, Randomised, Placebo-Controlled Trial",124413.pdf,/home/kana/.openclaw/workspace/repos/Sys_mcs/analysis/pdf_download/124413.pdf,https://link.springer.com/content/pdf/10.1186/s13063-023-07505-8.pdf,https://link.springer.com/article/10.1186/s13063-023-07505-8,Springer Nature Link / Trials,"publisher open access, cc by 4.0",high,/home/kana/.openclaw/workspace/outputs/kana_backlog_v2/tasks/KANA-P0001-NS-02/downloads/found_pdfs/record_124413/record_124413.pdf
124511,Association of Urinary Tract Infection With Preeclampsia During Pregnancy,124511.pdf,/home/kana/.openclaw/workspace/repos/Sys_mcs/analysis/pdf_download/124511.pdf,https://ijbr.com.pk/IJBR/article/download/1217/1360/6122,https://ijbr.com.pk/IJBR/article/view/1217,Indus Journal of Bioscience Research,publisher_open_access_cc_by_4_0,high,/home/kana/.openclaw/workspace/outputs/kana_backlog_v2/tasks/KANA-P0001-NS-02/downloads/found_pdfs/record_124511/record_124511.pdf
124590,Evaluation of the Efficacy of a Post-exposure Prophylaxis (PEP) Strategy in Contacts At High Risk of Developing Ebola Virus Disease (EVD),124590.pdf,/home/kana/.openclaw/workspace/repos/Sys_mcs/analysis/pdf_download/124590.pdf,https://anrs.fr/wp-content/uploads/2025/12/fiche-web-chercheur-anrs-0515s-ebo-pep-en.pdf,https://anrs.fr/en/infrastructures/data-and-samples/anrs-0515s-ebo-pep/,ANRS MIE,"lawful public project information pdf / researcher factsheet; not a journal article, and the pdf states publication references are not applicable yet",high,/home/kana/.openclaw/workspace/outputs/kana_backlog_v2/tasks/KANA-P0001-NS-02/downloads/found_pdfs/record_124590/record_124590.pdf
124631,"Validation and Testing of a Suicide Prevention Program in Improving the Mental Well-being of School-going Adolescents in Gilgit Baltistan, Pakistan: A Pre/Post-intervention Study Protocol",124631.pdf,/home/kana/.openclaw/workspace/repos/Sys_mcs/analysis/pdf_download/124631.pdf,https://www.researchprotocols.org/2025/1/e67193/PDF,https://www.researchprotocols.org/2025/1/e67193,JMIR Research Protocols,publisher open access,high,/home/kana/.openclaw/workspace/outputs/kana_backlog_v2/tasks/KANA-P0001-NS-02/downloads/found_pdfs/record_124631/record_124631.pdf
124708,Characterization of HIV-1 Reservoirs in HIV+ Adolescents,124708.pdf,/home/kana/.openclaw/workspace/repos/Sys_mcs/analysis/pdf_download/124708.pdf,https://europepmc.org/api/getPdf?pmcid=PMC11004643,https://europepmc.org/article/MED/38601701,Europe PMC / PMC open-access copy of Journal of Virus Eradication article,open access cc by,high,/home/kana/.openclaw/workspace/outputs/kana_backlog_v2/tasks/KANA-P0001-NS-02/downloads/found_pdfs/record_124708/record_124708.pdf
124728,Increased Tuberculosis Case Detection - a Cluster-randomized Trial Combining Available Resources and Novel Strategies for High Endemic Areas,124728.pdf,/home/kana/.openclaw/workspace/repos/Sys_mcs/analysis/pdf_download/124728.pdf,https://cdn.clinicaltrials.gov/large-docs/84/NCT06437184/Prot_SAP_000.pdf,https://clinicaltrials.gov/study/NCT06437184,ClinicalTrials.gov,lawful public clinical trial registry protocol/sap pdf,high,/home/kana/.openclaw/workspace/outputs/kana_backlog_v2/tasks/KANA-P0001-NS-02/downloads/found_pdfs/record_124728/record_124728.pdf
124782,Effects of Prebiotics on Metagenomic Diversity and Abundance in Young Children With Acute Malnutrition: A Double-blinded Randomised Controlled Trial (PMAM),124782.pdf,/home/kana/.openclaw/workspace/repos/Sys_mcs/analysis/pdf_download/124782.pdf,https://link.springer.com/content/pdf/10.1186/s13063-024-08647-z.pdf,https://link.springer.com/article/10.1186/s13063-024-08647-z,Springer Nature Link / Trials,"publisher open access pdf, creative commons attribution 4.0",high,/home/kana/.openclaw/workspace/outputs/kana_backlog_v2/tasks/KANA-P0001-NS-02/downloads/found_pdfs/record_124782/record_124782.pdf
124817,EZAFFAW - Efficacy of Zinc Fortified Fermented Wheat Flour: Randomized Controlled Trial,124817.pdf,/home/kana/.openclaw/workspace/repos/Sys_mcs/analysis/pdf_download/124817.pdf,https://journals.plos.org/plosone/article/file?id=10.1371%2Fjournal.pone.0304462&type=printable,https://journals.plos.org/plosone/article?id=10.1371%2Fjournal.pone.0304462,PLOS ONE,publisher open access pdf,high,/home/kana/.openclaw/workspace/outputs/kana_backlog_v2/tasks/KANA-P0001-NS-02/downloads/found_pdfs/record_124817/record_124817.pdf
124846,An Innovative Continuum of Care to Promote Exclusive Breastfeeding in Pakistan:a Pilot Randomised Control Trial,124846.pdf,/home/kana/.openclaw/workspace/repos/Sys_mcs/analysis/pdf_download/124846.pdf,https://pmc.ncbi.nlm.nih.gov/articles/PMC11110549/pdf/bmjpo-2024-002562.pdf,https://pmc.ncbi.nlm.nih.gov/articles/PMC11110549/,PubMed Central / BMJ Paediatrics Open,"open access pdf, cc by-nc 4.0",high,/home/kana/.openclaw/workspace/outputs/kana_backlog_v2/tasks/KANA-P0001-NS-02/downloads/found_pdfs/record_124846/record_124846.pdf
124855,"Cluster-Randomized Trial of the Implementation of the Responses to Illness Severity Quantification System (RISQ) in Children With Acute Malnutrition Six to Fifty-nine Months of Age in Ngouri, Chad",124855.pdf,/home/kana/.openclaw/workspace/repos/Sys_mcs/analysis/pdf_download/124855.pdf,https://link.springer.com/content/pdf/10.1186/s13063-025-08871-1.pdf,https://link.springer.com/article/10.1186/s13063-025-08871-1,Springer Nature / Trials,"publisher open access pdf, creative commons attribution-noncommercial-noderivatives 4.0 international license",high,/home/kana/.openclaw/workspace/outputs/kana_backlog_v2/tasks/KANA-P0001-NS-02/downloads/found_pdfs/record_124855/record_124855.pdf
124869,"Effect of Couple-Based Violence Prevention Education on Intimate Partner Violence in Hadiya Zone, Southwest Ethiopia",124869.pdf,/home/kana/.openclaw/workspace/repos/Sys_mcs/analysis/pdf_download/124869.pdf,https://journals.plos.org/plosone/article/file?id=10.1371/journal.pone.0303009&type=printable,https://journals.plos.org/plosone/article?id=10.1371/journal.pone.0303009,PLOS ONE,publisher open access pdf,high,/home/kana/.openclaw/workspace/outputs/kana_backlog_v2/tasks/KANA-P0001-NS-02/downloads/found_pdfs/record_124869/record_124869.pdf
124882,Impact Evaluation of Intermittent Preventive Treatment of Malaria in Infants Plus (IPTi+) in Cameroon: the Plus Project,124882.pdf,/home/kana/.openclaw/workspace/repos/Sys_mcs/analysis/pdf_download/124882.pdf,https://link.springer.com/content/pdf/10.1186/s12889-024-19887-8.pdf,https://link.springer.com/article/10.1186/s12889-024-19887-8,BMC Public Health / Springer Nature,publisher open access,medium,/home/kana/.openclaw/workspace/outputs/kana_backlog_v2/tasks/KANA-P0001-NS-02/downloads/found_pdfs/record_124882/record_124882.pdf
125111,Developing Low-Cost Universal Malnutrition Screening for Low Income Countries - the MAMMS Trial,125111.pdf,/home/kana/.openclaw/workspace/repos/Sys_mcs/analysis/pdf_download/125111.pdf,https://depts.washington.edu/globalwach/wordpress/wp-content/uploads/2020/12/Mama-Aweza-Published-Protocol.pdf,https://pmc.ncbi.nlm.nih.gov/articles/PMC7509951/,University of Washington Global WACh public PDF copy of BMJ Open open-access protocol,lawful public open-access/article repository pdf,high,/home/kana/.openclaw/workspace/outputs/kana_backlog_v2/tasks/KANA-P0001-NS-02/downloads/found_pdfs/record_125111/record_125111.pdf
125986,Food security in low developed countries - the case of the D.R. Congo,125986.pdf,/home/kana/.openclaw/workspace/repos/Sys_mcs/analysis/pdf_download/125986.pdf,https://spasb.ro/index.php/public_html/article/download/76/59,https://spasb.ro/index.php/public_html/article/view/76,SCIENTIFIC PAPERS ANIMAL SCIENCE AND BIOTECHNOLOGIES publisher site,"publisher open access, cc by 4.0",high,/home/kana/.openclaw/workspace/outputs/kana_backlog_v2/tasks/KANA-P0001-NS-02/downloads/found_pdfs/record_125986/record_125986.pdf
126235,"Cholera, 2021",126235.pdf,/home/kana/.openclaw/workspace/repos/Sys_mcs/analysis/pdf_download/126235.pdf,https://iris.who.int/bitstreams/40c4256e-e41d-48d0-96cb-908b9bec0326/download,https://iris.who.int/items/cbd091ab-fc9f-45dd-a7f1-fb90e846fc53,WHO IRIS,publisher open access public repository pdf,high,/home/kana/.openclaw/workspace/outputs/kana_backlog_v2/tasks/KANA-P0001-NS-02/downloads/found_pdfs/record_126235/record_126235.pdf
126630,Meningitis in Cameroon: estimating morbidity from 2004 to 2020 and impact of mass vaccination campaigns with MenAfriVacR. [French],126630.pdf,/home/kana/.openclaw/workspace/repos/Sys_mcs/analysis/pdf_download/126630.pdf,https://www.santetropicale.com/club/pdf/1122/6911_01.pdf,https://www.santetropicale.com/manelec/fr/resume_oa.asp?id_article=3600,Médecine d'Afrique Noire / APIDPM Santé tropicale,publisher open access,high,/home/kana/.openclaw/workspace/outputs/kana_backlog_v2/tasks/KANA-P0001-NS-02/downloads/found_pdfs/record_126630/record_126630.pdf
127113,Analysis of trend of death rate and leading cause of death among young people in Eastern Mediterranean countries during 1990-2019. [Persian],127113.pdf,/home/kana/.openclaw/workspace/repos/Sys_mcs/analysis/pdf_download/127113.pdf,https://irje.tums.ac.ir/article-1-6788-fa.pdf,https://irje.tums.ac.ir/article-1-6788-en.html,Iranian Journal of Epidemiology / Tehran University of Medical Sciences journal website,publisher open-access pdf,high,/home/kana/.openclaw/workspace/outputs/kana_backlog_v2/tasks/KANA-P0001-NS-02/downloads/found_pdfs/record_127113/record_127113.pdf
127391,"Epidemiological, clinical and evolutionary aspects of COVID-19 in active patients admitted to the National Hospital of Niamey (NHN). [French]",127391.pdf,/home/kana/.openclaw/workspace/repos/Sys_mcs/analysis/pdf_download/127391.pdf,https://www.santetropicale.com/club/pdf/0922/6909_04.pdf,https://www.santetropicale.com/manelec/fr/resume_oa.asp?id_article=3584,APIDPM Santé tropicale / Médecine d'Afrique Noire,publisher open access,high,/home/kana/.openclaw/workspace/outputs/kana_backlog_v2/tasks/KANA-P0001-NS-02/downloads/found_pdfs/record_127391/record_127391.pdf
127611,News2 scale and Quick COVID-19 Severity Index: predictors of mortality in adults with SARS-CoV-2 infection. [Spanish],127611.pdf,/home/kana/.openclaw/workspace/repos/Sys_mcs/analysis/pdf_download/127611.pdf,https://docs.bvsalud.org/biblioref/2022/10/1395992/492-1576-1-pb.pdf,https://pesquisa.bvsalud.org/portal/resource/pt/biblio-1395992,BVS/LILACS public record and PDF mirror,public repository pdf,high,/home/kana/.openclaw/workspace/outputs/kana_backlog_v2/tasks/KANA-P0001-NS-02/downloads/found_pdfs/record_127611/record_127611.pdf
127866,Pharmacotherapeutic evaluation of COVID-19 patients suffering from acute kidney injury,127866.pdf,/home/kana/.openclaw/workspace/repos/Sys_mcs/analysis/pdf_download/127866.pdf,https://archivepp.com/storage/files/article/2ab3d185-e415-4b39-9561-c4fbd8a4c68b-ucBFOnX1etgGKaM9/archiveapp-vol13-iss2-78-87-1329.pdf,https://archivepp.com/article/pharmacotherapeutic-evaluation-of-covid-19-patients-suffering-from-acute-kidney-injury-oelih8nvzn7ekgy,Archives of Pharmacy Practice publisher site,publisher_open_access,high,/home/kana/.openclaw/workspace/outputs/kana_backlog_v2/tasks/KANA-P0001-NS-02/downloads/found_pdfs/record_127866/record_127866.pdf
128764,"Investigation of a pertussis epidemic in Sikasso, Mali, 2020. [French]",128764.pdf,/home/kana/.openclaw/workspace/repos/Sys_mcs/analysis/pdf_download/128764.pdf,https://www.santetropicale.com/club/pdf/0522/6905_09.pdf,https://www.santetropicale.com/sites_pays/resume_oa.asp?id_article=3563&rep=mali&revue=man,Santé tropicale / Médecine d’Afrique francophone,publisher open access,high,/home/kana/.openclaw/workspace/outputs/kana_backlog_v2/tasks/KANA-P0001-NS-02/downloads/found_pdfs/record_128764/record_128764.pdf
129166,"Epidemiological, clinical, immuno-virological, therapeutic and evolution aspects of HIV infection in men who have sex with men followed up at the regional hospital of Saint-Louis/Senegal. [French]",129166.pdf,/home/kana/.openclaw/workspace/repos/Sys_mcs/analysis/pdf_download/129166.pdf,https://www.santetropicale.com/club/pdf/0322/6903_04.pdf,https://www.santetropicale.com/manelec/fr/resume_oa.asp?action=affiche&id_article=3543,APIDPM Sante tropicale / Medecine d'Afrique francophone,publisher open access,high,/home/kana/.openclaw/workspace/outputs/kana_backlog_v2/tasks/KANA-P0001-NS-02/downloads/found_pdfs/record_129166/record_129166.pdf
129460,Discovery and description of Ebola Zaire virus in 1976 and relevance to the West African epidemic during 2013-2016. (Ebola outbreak in West Africa.),129460.pdf,/home/kana/.openclaw/workspace/repos/Sys_mcs/analysis/pdf_download/129460.pdf,https://europepmc.org/api/getPdf?pmcid=PMC5050466,https://pmc.ncbi.nlm.nih.gov/articles/PMC5050466/,Europe PMC / PubMed Central,public repository pdf (pmcid pmc5050466),high,/home/kana/.openclaw/workspace/outputs/kana_backlog_v2/tasks/KANA-P0001-NS-02/downloads/found_pdfs/record_129460/record_129460.pdf
129513,Burden of malaria is higher among children in an internal displacement camp compared to a neighbouring village in the Democratic Republic of the Congo,129513.pdf,/home/kana/.openclaw/workspace/repos/Sys_mcs/analysis/pdf_download/129513.pdf,https://link.springer.com/content/pdf/10.1186/s12936-016-1479-z.pdf,https://link.springer.com/article/10.1186/s12936-016-1479-z,Springer Nature Link / Malaria Journal,"publisher open access, creative commons attribution 4.0",high,/home/kana/.openclaw/workspace/outputs/kana_backlog_v2/tasks/KANA-P0001-NS-02/downloads/found_pdfs/record_129513/record_129513.pdf
129602,Serological response and protection level evaluation in chickens exposed to grains coated with I2 Newcastle disease virus for effective oral vaccination of village chickens,129602.pdf,/home/kana/.openclaw/workspace/repos/Sys_mcs/analysis/pdf_download/129602.pdf,https://link.springer.com/content/pdf/10.1186/s12917-016-0785-6.pdf,https://link.springer.com/article/10.1186/s12917-016-0785-6,Springer Nature Link / BMC Veterinary Research,"publisher open access, creative commons attribution 4.0",high,/home/kana/.openclaw/workspace/outputs/kana_backlog_v2/tasks/KANA-P0001-NS-02/downloads/found_pdfs/record_129602/record_129602.pdf
129776,"Meningitis control in countries of the African meningitis belt, 2015",129776.pdf,/home/kana/.openclaw/workspace/repos/Sys_mcs/analysis/pdf_download/129776.pdf,https://iris.who.int/bitstreams/843f5983-f6f7-4a86-9ccb-3e7fce565a72/download,https://reliefweb.int/report/world/weekly-epidemiological-record-wer-22-april-2016-vol-91-no-16-pp-209-216-enfr,WHO IRIS / ReliefWeb listing for WHO Weekly Epidemiological Record,lawful public pdf; who/iris open public bitstream,high,/home/kana/.openclaw/workspace/outputs/kana_backlog_v2/tasks/KANA-P0001-NS-02/downloads/found_pdfs/record_129776/record_129776.pdf
129823,"Tuberculosis: past, present and future",129823.pdf,/home/kana/.openclaw/workspace/repos/Sys_mcs/analysis/pdf_download/129823.pdf,https://jpp.mums.ac.ir/article_6266_e6d4603ec0c0d762058a7098706b05f2.pdf,https://jpp.mums.ac.ir/article_6266.html,Journal of Pediatric Perspectives publisher page (jpp.mums.ac.ir),publisher open access pdf; landing page states creative commons attribution-noncommercial 4.0 international license,high,/home/kana/.openclaw/workspace/outputs/kana_backlog_v2/tasks/KANA-P0001-NS-02/downloads/found_pdfs/record_129823/record_129823.pdf
129901,"As Ebola winds down, Lassa Fever reemerges yet again in West Africa",129901.pdf,/home/kana/.openclaw/workspace/repos/Sys_mcs/analysis/pdf_download/129901.pdf,https://jidc.org/index.php/journal/article/download/26927465/1465/49025,https://jidc.org/index.php/journal/article/view/26927465,The Journal of Infection in Developing Countries (JIDC),publisher_open_access,high,/home/kana/.openclaw/workspace/outputs/kana_backlog_v2/tasks/KANA-P0001-NS-02/downloads/found_pdfs/record_129901/record_129901.pdf
129938,"Notes from the field: ongoing cholera outbreak - Kenya, 2014-2016",129938.pdf,/home/kana/.openclaw/workspace/repos/Sys_mcs/analysis/pdf_download/129938.pdf,https://www.cdc.gov/mmwr/volumes/65/wr/pdfs/mm6503a7.pdf,https://www.cdc.gov/mmwr/volumes/65/wr/mm6503a7.htm,CDC MMWR,publisher open access,high,/home/kana/.openclaw/workspace/outputs/kana_backlog_v2/tasks/KANA-P0001-NS-02/downloads/found_pdfs/record_129938/record_129938.pdf
130085,Time preferences predict mortality among HIV-infected adults receiving antiretroviral therapy in Kenya,130085.pdf,/home/kana/.openclaw/workspace/repos/Sys_mcs/analysis/pdf_download/130085.pdf,https://journals.plos.org/plosone/article/file?id=10.1371/journal.pone.0145245&type=printable,https://journals.plos.org/plosone/article?id=10.1371/journal.pone.0145245,PLOS ONE publisher page,publisher open access; creative commons attribution license,high,/home/kana/.openclaw/workspace/outputs/kana_backlog_v2/tasks/KANA-P0001-NS-02/downloads/found_pdfs/record_130085/record_130085.pdf
130100,After surgery: the effects of life-saving caesarean sections in Burkina Faso,130100.pdf,/home/kana/.openclaw/workspace/repos/Sys_mcs/analysis/pdf_download/130100.pdf,https://bmcpregnancychildbirth.biomedcentral.com/counter/pdf/10.1186/s12884-015-0778-7.pdf,https://bmcpregnancychildbirth.biomedcentral.com/articles/10.1186/s12884-015-0778-7,BMC Pregnancy and Childbirth / SpringerLink,publisher open access,high,/home/kana/.openclaw/workspace/outputs/kana_backlog_v2/tasks/KANA-P0001-NS-02/downloads/found_pdfs/record_130100/record_130100.pdf
130147,"Epidemiological and antibiotic susceptibility profiles of infectious bacterial diarrhoea in Juba, South Sudan",130147.pdf,/home/kana/.openclaw/workspace/repos/Sys_mcs/analysis/pdf_download/130147.pdf,https://www.southsudanmedicaljournal.com/assets/files/Journals/vol_8_iss_4_nov_15/SSMJ_8_4_November_2015_Bacterial_diarrhoea.pdf,https://www.southsudanmedicaljournal.com/archive/november-2015/epidemiological-and-antibiotic-susceptibility-profiles-of-infectious-bacterial-diarrhoea-in-juba-south-sudan.html,South Sudan Medical Journal,publisher open access; site footer states content is distributed under cc by-nc,high,/home/kana/.openclaw/workspace/outputs/kana_backlog_v2/tasks/KANA-P0001-NS-02/downloads/found_pdfs/record_130147/record_130147.pdf
130239,The impact of natural hazards on the poor communities in Zimbabwe: a health perspective,130239.pdf,/home/kana/.openclaw/workspace/repos/Sys_mcs/analysis/pdf_download/130239.pdf,https://iiste.org/Journals/index.php/JEES/article/download/20993/21242,https://iiste.org/Journals/index.php/JEES/article/view/20993,IISTE Journal of Environment and Earth Science,publisher open access; creative commons attribution 3.0 license stated on landing page,high,/home/kana/.openclaw/workspace/outputs/kana_backlog_v2/tasks/KANA-P0001-NS-02/downloads/found_pdfs/record_130239/record_130239.pdf
130240,Evaluating the effects of flooding in six communities in Awka Anambra state of Nigeria,130240.pdf,/home/kana/.openclaw/workspace/repos/Sys_mcs/analysis/pdf_download/130240.pdf,https://iiste.org/Journals/index.php/JEES/article/viewFile/20121/20306,https://www.iiste.org/Journals/index.php/JEES/article/view/20121/20306,Journal of Environment and Earth Science / IISTE,publisher open access,high,/home/kana/.openclaw/workspace/outputs/kana_backlog_v2/tasks/KANA-P0001-NS-02/downloads/found_pdfs/record_130240/record_130240.pdf
130247,Cholera in Haiti: successes and challenges in a low income country,130247.pdf,/home/kana/.openclaw/workspace/repos/Sys_mcs/analysis/pdf_download/130247.pdf,https://iris.who.int/bitstreams/ddd8804d-2c7d-4e82-b4e8-f3ab416d8281/download,https://iris.who.int/items/7279cd9e-1f30-4ce4-94a3-664dd6266fa5,WHO IRIS,lawful public repository pdf,high,/home/kana/.openclaw/workspace/outputs/kana_backlog_v2/tasks/KANA-P0001-NS-02/downloads/found_pdfs/record_130247/record_130247.pdf
130342,Impact of service provision platforms on maternal and newborn health in conflict areas and their acceptability in Pakistan: a systematic review,130342.pdf,/home/kana/.openclaw/workspace/repos/Sys_mcs/analysis/pdf_download/130342.pdf,https://link.springer.com/content/pdf/10.1186/s13031-015-0054-5.pdf,https://conflictandhealth.biomedcentral.com/articles/10.1186/s13031-015-0054-5,Springer Nature / BioMed Central Conflict and Health,"publisher open access, creative commons attribution 4.0",high,/home/kana/.openclaw/workspace/outputs/kana_backlog_v2/tasks/KANA-P0001-NS-02/downloads/found_pdfs/record_130342/record_130342.pdf
130540,Plague in Madagascar: overview of the 2014-2015 epidemic season,130540.pdf,/home/kana/.openclaw/workspace/repos/Sys_mcs/analysis/pdf_download/130540.pdf,https://iris.who.int/bitstreams/a871cb84-3830-40c3-857b-35e7e1c8786b/download,https://iris.who.int/handle/10665/242357,WHO IRIS,public who iris repository pdf,high,/home/kana/.openclaw/workspace/outputs/kana_backlog_v2/tasks/KANA-P0001-NS-02/downloads/found_pdfs/record_130540/record_130540.pdf
130549,Modeling malaria and typhoid fever co-infection dynamics,130549.pdf,/home/kana/.openclaw/workspace/repos/Sys_mcs/analysis/pdf_download/130549.pdf,https://nvaidya.sdsu.edu/MB2015.pdf,https://nvaidya.sdsu.edu/MB2015.pdf,Naveen K. Vaidya SDSU public website,author-hosted public pdf,high,/home/kana/.openclaw/workspace/outputs/kana_backlog_v2/tasks/KANA-P0001-NS-02/downloads/found_pdfs/record_130549/record_130549.pdf
131238,Epidemiology of seasonal influenza outbreak among Iraqi population:2018,131238.pdf,/home/kana/.openclaw/workspace/repos/Sys_mcs/analysis/pdf_download/131238.pdf,https://www.jcoagri.uobaghdad.edu.iq/index.php/intro/article/download/944/708,https://jcoagri.uobaghdad.edu.iq/index.php/intro/article/view/944,"IRAQI JOURNAL OF AGRICULTURAL SCIENCES, University of Baghdad OJS",publisher open access pdf,high,/home/kana/.openclaw/workspace/outputs/kana_backlog_v2/tasks/KANA-P0001-NS-02/downloads/found_pdfs/record_131238/record_131238.pdf
131313,"Cholera outbreak - Zimbabwe, September 2018-March 2019",131313.pdf,/home/kana/.openclaw/workspace/repos/Sys_mcs/analysis/pdf_download/131313.pdf,https://www.cdc.gov/mmwr/volumes/69/wr/pdfs/mm6917a3-h.pdf,https://www.cdc.gov/mmwr/volumes/69/wr/mm6917a3.htm,CDC MMWR,publisher open access public pdf,high,/home/kana/.openclaw/workspace/outputs/kana_backlog_v2/tasks/KANA-P0001-NS-02/downloads/found_pdfs/record_131313/record_131313.pdf
131717,"Erupt of malaria, Dengue and Chikungunya in Pakistan: recent insights about prevalence, diagnosis and treatment",131717.pdf,/home/kana/.openclaw/workspace/repos/Sys_mcs/analysis/pdf_download/131717.pdf,https://www.pjps.pk/uploads/pdfs/32/4/Paper-12.pdf,https://www.pjps.pk/single-article?id=5132,Pakistan Journal of Pharmaceutical Sciences,publisher_public_pdf,high,/home/kana/.openclaw/workspace/outputs/kana_backlog_v2/tasks/KANA-P0001-NS-02/downloads/found_pdfs/record_131717/record_131717.pdf
131752,"Rapid risk assessment: Ebola virus disease outbreak in north Kivu and Ituri provinces, Democratic Republic of the Congo - fifth update - 19 July 2019",131752.pdf,/home/kana/.openclaw/workspace/repos/Sys_mcs/analysis/pdf_download/131752.pdf,https://www.ecdc.europa.eu/sites/default/files/documents/RRA-Ebola-haemorrhagic-fever-Democratic-Republic-Congo-July-2019.pdf,https://www.ecdc.europa.eu/en/publications-data/RRA-ebola-virus-disease-outbreak-DRC-fifth-update,European Centre for Disease Prevention and Control (ECDC),publisher_open_access,high,/home/kana/.openclaw/workspace/outputs/kana_backlog_v2/tasks/KANA-P0001-NS-02/downloads/found_pdfs/record_131752/record_131752.pdf
131899,"Cholera, 2018",131899.pdf,/home/kana/.openclaw/workspace/repos/Sys_mcs/analysis/pdf_download/131899.pdf,https://iris.who.int/server/api/core/bitstreams/81956062-b33f-481f-9761-f937de024572/content,https://iris.who.int/items/c4835c9a-ffad-45f7-831a-c4badd1ffd04,WHO IRIS,publisher repository public pdf,high,/home/kana/.openclaw/workspace/outputs/kana_backlog_v2/tasks/KANA-P0001-NS-02/downloads/found_pdfs/record_131899/record_131899.pdf
131929,Epidemic of chronic kidney disease of nontraditional etiology in El Salvador: integrated health sector action and South-South cooperation,131929.pdf,/home/kana/.openclaw/workspace/repos/Sys_mcs/analysis/pdf_download/131929.pdf,https://www.scielosp.org/pdf/medicc/2019.v21n4/46-52/en,https://mediccreview.org/epidemic-of-chronic-kidney-disease-of-nontraditional-etiology-in-el-salvador-integrated-health-sector-action-and-south-south-cooperation/,SciELO Public Health / MEDICC Review,open access public pdf,high,/home/kana/.openclaw/workspace/outputs/kana_backlog_v2/tasks/KANA-P0001-NS-02/downloads/found_pdfs/record_131929/record_131929.pdf
131931,"Treatment outcome of tuberculosis and associated factors among TB-HIV co-infected patients at public hospitals of Harar town, Eastern Ethiopia. a five-year retrospective study",131931.pdf,/home/kana/.openclaw/workspace/repos/Sys_mcs/analysis/pdf_download/131931.pdf,https://bmcpublichealth.biomedcentral.com/counter/pdf/10.1186/s12889-019-7980-x.pdf,https://link.springer.com/article/10.1186/s12889-019-7980-x,Springer Nature Link / BMC Public Health,"publisher open access, cc by 4.0",high,/home/kana/.openclaw/workspace/outputs/kana_backlog_v2/tasks/KANA-P0001-NS-02/downloads/found_pdfs/record_131931/record_131931.pdf
132006,"Social science and behavioural data compilation (no. 3), Ebola outbreak eastern DRC February-May 2019",132006.pdf,/home/kana/.openclaw/workspace/repos/Sys_mcs/analysis/pdf_download/132006.pdf,https://www.anthrologica.com/download_file/force/165/446,https://www.socialscienceinaction.org/updates-dr-congo-ebola-outbreak-2019/,Anthrologica / Social Science in Humanitarian Action Platform,lawful public pdf,high,/home/kana/.openclaw/workspace/outputs/kana_backlog_v2/tasks/KANA-P0001-NS-02/downloads/found_pdfs/record_132006/record_132006.pdf
132022,Non-communicable diseases in Ethiopia: policy and strategy gaps in the reduction of behavioral risk factors,132022.pdf,/home/kana/.openclaw/workspace/repos/Sys_mcs/analysis/pdf_download/132022.pdf,https://www.ejhd.org/index.php/ejhd/article/download/2538/1348,https://www.ejhd.org/index.php/ejhd/article/view/2538,The Ethiopian Journal of Health Development publisher site,publisher_open_access,high,/home/kana/.openclaw/workspace/outputs/kana_backlog_v2/tasks/KANA-P0001-NS-02/downloads/found_pdfs/record_132022/record_132022.pdf
132058,"Clinical profiles of dengue fever patients, during an outbreak",132058.pdf,/home/kana/.openclaw/workspace/repos/Sys_mcs/analysis/pdf_download/132058.pdf,https://jad.tums.ac.ir/index.php/jad/article/view/1122/447,https://jad.tums.ac.ir/index.php/jad/article/view/1122,Journal of Arthropod-Borne Diseases,publisher open access; article page states creative commons attribution-noncommercial 4.0 international license,high,/home/kana/.openclaw/workspace/outputs/kana_backlog_v2/tasks/KANA-P0001-NS-02/downloads/found_pdfs/record_132058/record_132058.pdf
132076,Validation of maternal and neonatal tetanus elimination in the Democratic Republic of the Congo,132076.pdf,/home/kana/.openclaw/workspace/repos/Sys_mcs/analysis/pdf_download/132076.pdf,https://iris.who.int/server/api/core/bitstreams/f083cbd4-9487-4954-865b-72825341a398/content,https://iris.who.int/items/fe106325-11b6-4542-87e9-cf738815ef20,WHO IRIS,publisher_repository_open_access,high,/home/kana/.openclaw/workspace/outputs/kana_backlog_v2/tasks/KANA-P0001-NS-02/downloads/found_pdfs/record_132076/record_132076.pdf
132077,The mental health professional at the feet of the Ebola virus: individual treatment and global mental challenges,132077.pdf,/home/kana/.openclaw/workspace/repos/Sys_mcs/analysis/pdf_download/132077.pdf,https://www.cambridge.org/core/services/aop-cambridge-core/content/view/7E79D8383987B1A28B632AE1D7B9B869/S0007125019001223a.pdf/the-mental-health-professional-at-the-feet-of-the-ebola-virus-individual-treatment-and-global-mental-challenges.pdf,https://www.cambridge.org/core/journals/the-british-journal-of-psychiatry/article/mental-health-professional-at-the-feet-of-the-ebola-virus-individual-treatment-and-global-mental-challenges/7E79D8383987B1A28B632AE1D7B9B869,Cambridge Core / The British Journal of Psychiatry,publisher_public_pdf,high,/home/kana/.openclaw/workspace/outputs/kana_backlog_v2/tasks/KANA-P0001-NS-02/downloads/found_pdfs/record_132077/record_132077.pdf
132150,Pakistan demographic and health survey 2017-18. (FR354),132150.pdf,/home/kana/.openclaw/workspace/repos/Sys_mcs/analysis/pdf_download/132150.pdf,https://dhsprogram.com/pubs/pdf/FR354/FR354.pdf,https://dhsprogram.com/publications/publication-fr354-dhs-final-reports.cfm,The DHS Program,publisher open access,high,/home/kana/.openclaw/workspace/outputs/kana_backlog_v2/tasks/KANA-P0001-NS-02/downloads/found_pdfs/record_132150/record_132150.pdf
132234,Violence against indigenous children and adolescents in Venezuela. (Saude de criancas e adolescentes indigenas na America Latina.),132234.pdf,/home/kana/.openclaw/workspace/repos/Sys_mcs/analysis/pdf_download/132234.pdf,https://www.scielo.br/j/csp/a/F7YKRHkWZ8YPtMdFkBh9MFF/?format=pdf&lang=en,https://www.scielo.br/j/csp/a/F7YKRHkWZ8YPtMdFkBh9MFF/?lang=en,SciELO Brasil / Cadernos de Saude Publica,publisher open access,high,/home/kana/.openclaw/workspace/outputs/kana_backlog_v2/tasks/KANA-P0001-NS-02/downloads/found_pdfs/record_132234/record_132234.pdf
132256,Measles epidemic in post-conflict period in rural Central African Republic. [French],132256.pdf,/home/kana/.openclaw/workspace/repos/Sys_mcs/analysis/pdf_download/132256.pdf,https://www.santetropicale.com/club/pdf/0719/6607_05.pdf,https://www.santetropicale.com/sites_pays/resume_oa.asp?id_article=3292&rep=rca&revue=man,APIDPM Sante tropicale / Medecine d'Afrique francophone,publisher open access,high,/home/kana/.openclaw/workspace/outputs/kana_backlog_v2/tasks/KANA-P0001-NS-02/downloads/found_pdfs/record_132256/record_132256.pdf
132444,"Rotavirus-associated acute diarrhea outbreak in West Shewa zone of Oromia Regional State, Ethiopia, 2017",132444.pdf,/home/kana/.openclaw/workspace/repos/Sys_mcs/analysis/pdf_download/132444.pdf,https://www.panafrican-med-journal.com/content/article/32/202/pdf/202.pdf,https://www.panafrican-med-journal.com/content/article/32/202/full/,Pan African Medical Journal,publisher open access,high,/home/kana/.openclaw/workspace/outputs/kana_backlog_v2/tasks/KANA-P0001-NS-02/downloads/found_pdfs/record_132444/record_132444.pdf
132516,Draft genome sequences of four Salmonella enterica subsp. enterica serovar Gallinarum strains isolated from layer breeder flocks in an outbreak of fowl typhoid in Colombia,132516.pdf,/home/kana/.openclaw/workspace/repos/Sys_mcs/analysis/pdf_download/132516.pdf,https://europepmc.org/articles/PMC6486240?pdf=render,https://pmc.ncbi.nlm.nih.gov/articles/PMC6486240/,Europe PMC / PubMed Central,open_access_cc_by_4_0,high,/home/kana/.openclaw/workspace/outputs/kana_backlog_v2/tasks/KANA-P0001-NS-02/downloads/found_pdfs/record_132516/record_132516.pdf
132586,"High frequencies of F1534C and V1016I kdr mutations and association with pyrethroid resistance in Aedes aegypti from somgande (Ouagadougou), Burkina Faso",132586.pdf,/home/kana/.openclaw/workspace/repos/Sys_mcs/analysis/pdf_download/132586.pdf,https://link.springer.com/content/pdf/10.1186/s41182-018-0134-5.pdf,https://link.springer.com/article/10.1186/s41182-018-0134-5,Springer Nature / BMC Tropical Medicine and Health,publisher open access; creative commons attribution 4.0,high,/home/kana/.openclaw/workspace/outputs/kana_backlog_v2/tasks/KANA-P0001-NS-02/downloads/found_pdfs/record_132586/record_132586.pdf
132601,A retrospective view of Lassa fever outbreak in Nigeria (2012- 2017),132601.pdf,/home/kana/.openclaw/workspace/repos/Sys_mcs/analysis/pdf_download/132601.pdf,https://www.ajol.info/index.php/eamj/article/download/185228/174550,https://www.ajol.info/index.php/eamj/article/view/185228,AJOL / East African Medical Journal,publisher public pdf,high,/home/kana/.openclaw/workspace/outputs/kana_backlog_v2/tasks/KANA-P0001-NS-02/downloads/found_pdfs/record_132601/record_132601.pdf
132625,"Global, regional, and national burden of tuberculosis, 1990-2016: results from the Global Burden of Diseases, Injuries, and Risk Factors 2016 Study",132625.pdf,/home/kana/.openclaw/workspace/repos/Sys_mcs/analysis/pdf_download/132625.pdf,https://discovery.ucl.ac.uk/id/eprint/10100851/1/Global%2C%20regional%2C%20and%20national%20burden%20of%20tuberculosis%2C%201990-2016%20results%20from%20the%20Global%20Burden%20of%20Diseases%2C%20Injuries%2C%20and%20R.pdf,https://discovery.ucl.ac.uk/id/eprint/10100851/,UCL Discovery,repository open access; published version; cc by 4.0,high,/home/kana/.openclaw/workspace/outputs/kana_backlog_v2/tasks/KANA-P0001-NS-02/downloads/found_pdfs/record_132625/record_132625.pdf
132633,Senegal: Continuous Demographic and Health Survey ('EDS-Continue') 2017. (FR345) [French],132633.pdf,/home/kana/.openclaw/workspace/repos/Sys_mcs/analysis/pdf_download/132633.pdf,https://dhsprogram.com/pubs/pdf/FR345/FR345.pdf,https://www.dhsprogram.com/publications/publication-fr345-dhs-final-reports.cfm,The DHS Program,lawful public publisher/open report pdf,high,/home/kana/.openclaw/workspace/outputs/kana_backlog_v2/tasks/KANA-P0001-NS-02/downloads/found_pdfs/record_132633/record_132633.pdf
132634,"Haiti: Mortality, Morbidity and Service Utilization Survey (EMMUS-VI) 2016-2017. (FR326) [French]",132634.pdf,/home/kana/.openclaw/workspace/repos/Sys_mcs/analysis/pdf_download/132634.pdf,https://www.dhsprogram.com/pubs/pdf/FR326/FR326.pdf,https://dhsprogram.com/publications/publication-fr326-dhs-final-reports.cfm,The DHS Program,lawful public publisher pdf,high,/home/kana/.openclaw/workspace/outputs/kana_backlog_v2/tasks/KANA-P0001-NS-02/downloads/found_pdfs/record_132634/record_132634.pdf
132640,Health aid and child mortality in Africa: evidence from disaggregated analysis. (Special issue on Covenant University's perspectives on Nigeria demography and achievement of SDGs-2030.),132640.pdf,/home/kana/.openclaw/workspace/repos/Sys_mcs/analysis/pdf_download/132640.pdf,https://web.archive.org/web/20260213104533if_/https://aps.journals.ac.za/pub/article/download/1176/825,http://aps.journals.ac.za/pub/article/view/1176,Internet Archive capture of African Population Studies publisher PDF,lawful public publisher pdf via web archive; article marked open access/cc-by-sa in openalex,high,/home/kana/.openclaw/workspace/outputs/kana_backlog_v2/tasks/KANA-P0001-NS-02/downloads/found_pdfs/record_132640/record_132640.pdf
132664,"Rapid risk assessment: Ebola virus disease outbreak in North Kivu and Ituri Provinces, Democratic Republic of the Congo - second update",132664.pdf,/home/kana/.openclaw/workspace/repos/Sys_mcs/analysis/pdf_download/132664.pdf,https://www.ecdc.europa.eu/sites/default/files/documents/RRA-Ebola-DRC%20North-Kivu-Ituri-Provinces-Dec-2018.pdf,https://www.ecdc.europa.eu/en/publications-data/rapid-risk-assessment-ebola-outbreak-north-kivu-and-ituri-second-update,European Centre for Disease Prevention and Control (ECDC),publisher_open_access,high,/home/kana/.openclaw/workspace/outputs/kana_backlog_v2/tasks/KANA-P0001-NS-02/downloads/found_pdfs/record_132664/record_132664.pdf
132704,Malaria epidemiology and interventions in Ethiopia from 2001 to 2016,132704.pdf,/home/kana/.openclaw/workspace/repos/Sys_mcs/analysis/pdf_download/132704.pdf,https://link.springer.com/content/pdf/10.1186/s40249-018-0487-3.pdf,https://link.springer.com/article/10.1186/s40249-018-0487-3,Springer Nature / Infectious Diseases of Poverty,publisher open access (creative commons attribution 4.0 international license),high,/home/kana/.openclaw/workspace/outputs/kana_backlog_v2/tasks/KANA-P0001-NS-02/downloads/found_pdfs/record_132704/record_132704.pdf
132711,Gender disparity in epidemiological trend of HIV/AIDS infection and treatment in Ethiopia,132711.pdf,/home/kana/.openclaw/workspace/repos/Sys_mcs/analysis/pdf_download/132711.pdf,https://link.springer.com/content/pdf/10.1186/s13690-018-0299-8.pdf,https://link.springer.com/article/10.1186/s13690-018-0299-8,Springer Nature Link / Archives of Public Health,"publisher open access, cc by 4.0",high,/home/kana/.openclaw/workspace/outputs/kana_backlog_v2/tasks/KANA-P0001-NS-02/downloads/found_pdfs/record_132711/record_132711.pdf
132755,"Investigation of outbreak of acute diarrhoeal disease in indigenous communities of the municipality of Istmina, Choco, in August 2018. [Spanish]",132755.pdf,/home/kana/.openclaw/workspace/repos/Sys_mcs/analysis/pdf_download/132755.pdf,https://www.ins.gov.co/BibliotecaDigital/IQEN%20vol%2023%202018%20num%2017.pdf,https://www.ins.gov.co/buscador-eventos/IQEN/%C3%8Dndice_2018.pdf,Instituto Nacional de Salud (Colombia) / IQEN BibliotecaDigital,lawful public publisher pdf,high,/home/kana/.openclaw/workspace/outputs/kana_backlog_v2/tasks/KANA-P0001-NS-02/downloads/found_pdfs/record_132755/record_132755.pdf
132761,Experiences of implementing CMAM in Yemen and number of deaths averted,132761.pdf,/home/kana/.openclaw/workspace/repos/Sys_mcs/analysis/pdf_download/132761.pdf,https://www.ennonline.net/sites/default/files/FEX_58_Yemen_p64.pdf,https://www.ennonline.net/fex/58/en/experiences-implementing-cmam-yemen-and-number-deaths-averted,"Emergency Nutrition Network (ENN), Field Exchange 58",publisher open access,high,/home/kana/.openclaw/workspace/outputs/kana_backlog_v2/tasks/KANA-P0001-NS-02/downloads/found_pdfs/record_132761/record_132761.pdf
132794,"Progress towards elimination of measles in Kenya, 2003-2016",132794.pdf,/home/kana/.openclaw/workspace/repos/Sys_mcs/analysis/pdf_download/132794.pdf,https://www.panafrican-med-journal.com/content/article/31/65/pdf/65.pdf,https://www.panafrican-med-journal.com/content/article/31/65/full/,Pan African Medical Journal,"publisher open access pdf, cc by 4.0",high,/home/kana/.openclaw/workspace/outputs/kana_backlog_v2/tasks/KANA-P0001-NS-02/downloads/found_pdfs/record_132794/record_132794.pdf
132867,"Investigation of an outbreak of leptospirosis in Cerro de La Popa, sector El Pesebre, Cartagena, 2018. [Spanish]",132867.pdf,/home/kana/.openclaw/workspace/repos/Sys_mcs/analysis/pdf_download/132867.pdf,https://www.ins.gov.co/buscador-eventos/IQEN/IQEN%20vol%2023%202018%20num%2014.pdf,https://www.ins.gov.co/buscador-eventos/IQEN/,"Instituto Nacional de Salud, IQEN Informe Quincenal Epidemiologico Nacional, vol. 23 no. 14 (2018)",publisher/government public pdf,high,/home/kana/.openclaw/workspace/outputs/kana_backlog_v2/tasks/KANA-P0001-NS-02/downloads/found_pdfs/record_132867/record_132867.pdf
132885,Global initiative for congenital toxoplasmosis: an observational and international comparative clinical analysis,132885.pdf,/home/kana/.openclaw/workspace/repos/Sys_mcs/analysis/pdf_download/132885.pdf,https://europepmc.org/articles/PMC6160433?pdf=render,https://pmc.ncbi.nlm.nih.gov/articles/PMC6160433/,PubMed Central / Europe PMC,open access; creative commons attribution 4.0 international license; pmc oa record license cc by,high,/home/kana/.openclaw/workspace/outputs/kana_backlog_v2/tasks/KANA-P0001-NS-02/downloads/found_pdfs/record_132885/record_132885.pdf
133004,"Evaluation of mortality among patients in the emergency unit in Al-Kindi Teaching Hospital, Baghdad, Iraq",133004.pdf,/home/kana/.openclaw/workspace/repos/Sys_mcs/analysis/pdf_download/133004.pdf,https://ajms.alameenmedical.org/ArticlePDFs/4%20AJMS%20V11.N3.2018%20p%20136-141.pdf,https://www.cabidigitallibrary.org/doi/full/10.5555/20193014434,Al Ameen Journal of Medical Sciences,publisher public pdf,high,/home/kana/.openclaw/workspace/outputs/kana_backlog_v2/tasks/KANA-P0001-NS-02/downloads/found_pdfs/record_133004/record_133004.pdf
133022,"Outbreak of Ebola virus disease in the Democratic Republic of the Congo, April-May, 2018: an epidemiological study",133022.pdf,/home/kana/.openclaw/workspace/repos/Sys_mcs/analysis/pdf_download/133022.pdf,https://spiral.imperial.ac.uk/bitstreams/9158607d-74d9-4128-8500-42e12800a7e4/download,https://spiral.imperial.ac.uk/entities/publication/661c98fb-8d87-4596-b4e8-87027102fe64,Imperial College London Spiral repository,public repository author manuscript,high,/home/kana/.openclaw/workspace/outputs/kana_backlog_v2/tasks/KANA-P0001-NS-02/downloads/found_pdfs/record_133022/record_133022.pdf
133033,"Intervention to reduce the impact of severe acute respiratory infection in Narino, Colombia, February-May 2018. [Spanish]",133033.pdf,/home/kana/.openclaw/workspace/repos/Sys_mcs/analysis/pdf_download/133033.pdf,https://www.ins.gov.co/BibliotecaDigital/IQEN%20vol%2023%202018%20num%2011.pdf,https://www.ins.gov.co/BibliotecaDigital/IQEN%20vol%2023%202018%20num%2011.pdf,"Instituto Nacional de Salud, Biblioteca Digital / IQEN",lawful public pdf from public health agency site,high,/home/kana/.openclaw/workspace/outputs/kana_backlog_v2/tasks/KANA-P0001-NS-02/downloads/found_pdfs/record_133033/record_133033.pdf
133035,"Addressing an outbreak of multidrug-resistant Acinetobacter baumannii in a health institution in Colombia, July 2017-January 2018. [Spanish]",133035.pdf,/home/kana/.openclaw/workspace/repos/Sys_mcs/analysis/pdf_download/133035.pdf,https://www.ins.gov.co/buscador-eventos/IQEN/IQEN%20vol%2023%202018%20num%209.pdf,https://www.ins.gov.co/buscador-eventos/iqen/forms/allitems.aspx?PageFirstRow=61&Paged=TRUE&View=%7B0C851885-78C9-4951-81B6-1EBC35DCEE46%7D&p_FileLeafRef=IQEN+vol+23+2018+num+8.pdf&p_ID=436&p_SortBehavior=0,"Instituto Nacional de Salud (Colombia), IQEN Informe Quincenal Epidemiologico Nacional",lawful public publisher pdf; ins iqen states contents are public domain and may be cited or reproduced with source attribution,high,/home/kana/.openclaw/workspace/outputs/kana_backlog_v2/tasks/KANA-P0001-NS-02/downloads/found_pdfs/record_133035/record_133035.pdf
133110,Cultural resilience among the Chabu foragers in southwestern Ethiopia,133110.pdf,/home/kana/.openclaw/workspace/repos/Sys_mcs/analysis/pdf_download/133110.pdf,https://repository.kulib.kyoto-u.ac.jp/server/api/core/bitstreams/84622cd0-a165-4dae-80fa-3252fbd559a5/content,https://repository.kulib.kyoto-u.ac.jp/handle/2433/234656,Kyoto University Research Information Repository,open access publisher pdf,high,/home/kana/.openclaw/workspace/outputs/kana_backlog_v2/tasks/KANA-P0001-NS-02/downloads/found_pdfs/record_133110/record_133110.pdf
133115,Miles to go - The response to HIV in Middle East and North Africa,133115.pdf,/home/kana/.openclaw/workspace/repos/Sys_mcs/analysis/pdf_download/133115.pdf,https://www.unaids.org/sites/default/files/media_asset/miles-to-go_middle-east-and-north-africa_en.pdf,https://www.unaids.org/en/resources/documents/2018/miles-to-go_middle-east-and-north-africa,UNAIDS,publisher_open_access,high,/home/kana/.openclaw/workspace/outputs/kana_backlog_v2/tasks/KANA-P0001-NS-02/downloads/found_pdfs/record_133115/record_133115.pdf
133157,"Trends in HIV/AIDS morbidity and mortality in Eastern Mediterranean countries, 1990-2015: findings from the Global Burden of Disease 2015 study. (Supplement: The state of health in the Eastern Mediterranean Region, 1990-2015.)",133157.pdf,/home/kana/.openclaw/workspace/repos/Sys_mcs/analysis/pdf_download/133157.pdf,https://link.springer.com/content/pdf/10.1007/s00038-017-1023-0.pdf,https://link.springer.com/article/10.1007/s00038-017-1023-0,Springer Nature Link,publisher_open_access,high,/home/kana/.openclaw/workspace/outputs/kana_backlog_v2/tasks/KANA-P0001-NS-02/downloads/found_pdfs/record_133157/record_133157.pdf
133158,"Adolescent health in the Eastern Mediterranean Region: findings from the Global Burden of Disease 2015 study. (Supplement: The state of health in the Eastern Mediterranean Region, 1990-2015.)",133158.pdf,/home/kana/.openclaw/workspace/repos/Sys_mcs/analysis/pdf_download/133158.pdf,https://link.springer.com/content/pdf/10.1007/s00038-017-1003-4.pdf,https://link.springer.com/article/10.1007/s00038-017-1003-4,Springer Nature Link / International Journal of Public Health,"publisher open access, creative commons attribution 4.0 international license",high,/home/kana/.openclaw/workspace/outputs/kana_backlog_v2/tasks/KANA-P0001-NS-02/downloads/found_pdfs/record_133158/record_133158.pdf
133159,"Intentional injuries in the Eastern Mediterranean Region, 1990-2015: findings from the Global Burden of Disease 2015 study. (Supplement: The state of health in the Eastern Mediterranean Region, 1990-2015.)",133159.pdf,/home/kana/.openclaw/workspace/repos/Sys_mcs/analysis/pdf_download/133159.pdf,https://link.springer.com/content/pdf/10.1007/s00038-017-1005-2.pdf,https://link.springer.com/article/10.1007/s00038-017-1005-2,Springer Nature Link,publisher open access,high,/home/kana/.openclaw/workspace/outputs/kana_backlog_v2/tasks/KANA-P0001-NS-02/downloads/found_pdfs/record_133159/record_133159.pdf
133160,"Danger ahead: the burden of diseases, injuries, and risk factors in the Eastern Mediterranean Region, 1990-2015. (Supplement: The state of health in the Eastern Mediterranean Region, 1990-2015.)",133160.pdf,/home/kana/.openclaw/workspace/repos/Sys_mcs/analysis/pdf_download/133160.pdf,https://link.springer.com/content/pdf/10.1007/s00038-017-1017-y.pdf,https://link.springer.com/article/10.1007/s00038-017-1017-y,Springer Nature Link,publisher open access,high,/home/kana/.openclaw/workspace/outputs/kana_backlog_v2/tasks/KANA-P0001-NS-02/downloads/found_pdfs/record_133160/record_133160.pdf
133234,"Countdown to 2030: tracking progress towards universal coverage for reproductive, maternal, newborn, and child health",133234.pdf,/home/kana/.openclaw/workspace/repos/Sys_mcs/analysis/pdf_download/133234.pdf,https://researchonline.lshtm.ac.uk/id/eprint/4646686/1/Countdown%20to%202030_GREEN%20AAM.pdf,https://core.ac.uk/reader/151172779?utm_source=linkout,LSHTM Research Online via PubMed CORE linkout,repository author accepted manuscript; core reports isaccessibleforfree=true and license http://creativecommons.org/licenses/by-nc-nd/3.0,high,/home/kana/.openclaw/workspace/outputs/kana_backlog_v2/tasks/KANA-P0001-NS-02/downloads/found_pdfs/record_133234/record_133234.pdf
133329,Profile of asphyxial deaths in Faisalabad: a 10-year study,133329.pdf,/home/kana/.openclaw/workspace/repos/Sys_mcs/analysis/pdf_download/133329.pdf,https://www.jcpsp.pk/archive/2018/Apr2018/03.pdf,https://pubmed.ncbi.nlm.nih.gov/29615164/,JCPSP publisher archive,publisher open public pdf,high,/home/kana/.openclaw/workspace/outputs/kana_backlog_v2/tasks/KANA-P0001-NS-02/downloads/found_pdfs/record_133329/record_133329.pdf
133431,Allocating HIV funding efficiently in Myanmar: analyses using the optima HIV model,133431.pdf,/home/kana/.openclaw/workspace/repos/Sys_mcs/analysis/pdf_download/133431.pdf,https://documents1.worldbank.org/curated/en/924821532442512319/pdf/128778-WP-P160428-PUBLIC-OptimaHIVMyanmarFullReport.pdf,https://documents.worldbank.org/en/publication/documents-reports/documentdetail/268811532439391211/allocating-hiv-funding-efficiently-in-myanmar-analyses-using-the-optima-hiv-model,World Bank Documents & Reports,publisher open access / creative commons attribution 3.0,high,/home/kana/.openclaw/workspace/outputs/kana_backlog_v2/tasks/KANA-P0001-NS-02/downloads/found_pdfs/record_133431/record_133431.pdf
133437,Noncommunicable diseases: progress monitor 2017,133437.pdf,/home/kana/.openclaw/workspace/repos/Sys_mcs/analysis/pdf_download/133437.pdf,https://iris.who.int/server/api/core/bitstreams/113d5ee6-c5c4-4ff0-99c8-0c9c37316207/content,https://iris.who.int/items/f2403684-ba31-4588-a7b6-b4025f9ef568,WHO Institutional Repository for Information Sharing (IRIS),public repository pdf; cc by-nc-sa 3.0 igo,high,/home/kana/.openclaw/workspace/outputs/kana_backlog_v2/tasks/KANA-P0001-NS-02/downloads/found_pdfs/record_133437/record_133437.pdf
133443,Awareness and attitude towards road safety among undergraduate medical students from Liaquat University of Medical and Health Sciences Jamshoro Pakistan,133443.pdf,/home/kana/.openclaw/workspace/repos/Sys_mcs/analysis/pdf_download/133443.pdf,https://pjph.org/pjph/article/download/68/44/131,https://pjph.org/pjph/article/view/68,Pakistan Journal of Public Health,publisher open access; cc by-nc 4.0,high,/home/kana/.openclaw/workspace/outputs/kana_backlog_v2/tasks/KANA-P0001-NS-02/downloads/found_pdfs/record_133443/record_133443.pdf
133450,"Epidemiology of spinal cord injuries due to bomb blast attacks, managed at Paraplegic Centre Peshawar, Pakistan: a nine years retrospective study",133450.pdf,/home/kana/.openclaw/workspace/repos/Sys_mcs/analysis/pdf_download/133450.pdf,https://www.kmuj.kmu.edu.pk/article/download/16814/pdf/70753,https://www.kmuj.kmu.edu.pk/article/view/16814,Khyber Medical University Journal,publisher open access; article page states kmuj work is licensed under creative commons attribution 4.0,high,/home/kana/.openclaw/workspace/outputs/kana_backlog_v2/tasks/KANA-P0001-NS-02/downloads/found_pdfs/record_133450/record_133450.pdf
133466,Third demographic and health survey in Burundi (EDSB-III) 2016-2017. [French],133466.pdf,/home/kana/.openclaw/workspace/repos/Sys_mcs/analysis/pdf_download/133466.pdf,https://dhsprogram.com/pubs/pdf/fr335/fr335.pdf,https://dhsprogram.com/publications/publication-fr335-dhs-final-reports.cfm,The DHS Program,lawful public publisher/report pdf,high,/home/kana/.openclaw/workspace/outputs/kana_backlog_v2/tasks/KANA-P0001-NS-02/downloads/found_pdfs/record_133466/record_133466.pdf
133558,"National disability-adjusted life years (DALYs) for 257 diseases and injuries in Ethiopia, 1990-2015: findings from the Global Burden of Disease Study 2015",133558.pdf,/home/kana/.openclaw/workspace/repos/Sys_mcs/analysis/pdf_download/133558.pdf,https://link.springer.com/content/pdf/10.1186/s12963-017-0146-0.pdf,https://link.springer.com/article/10.1186/s12963-017-0146-0,Springer Nature Link / Population Health Metrics,publisher open access,high,/home/kana/.openclaw/workspace/outputs/kana_backlog_v2/tasks/KANA-P0001-NS-02/downloads/found_pdfs/record_133558/record_133558.pdf
133610,"Global, regional, and national under-5 mortality, adult mortality, age-specific mortality, and life expectancy, 1970-2016: a systematic analysis for the Global Burden of Disease Study 2016",133610.pdf,/home/kana/.openclaw/workspace/repos/Sys_mcs/analysis/pdf_download/133610.pdf,https://eprints.whiterose.ac.uk/id/eprint/121277/1/1-s2.0-S0140673617318330-main.pdf,https://eprints.whiterose.ac.uk/id/eprint/121277/,White Rose Research Online,lawful public repository pdf; published version; cc-by 4.0 open access,high,/home/kana/.openclaw/workspace/outputs/kana_backlog_v2/tasks/KANA-P0001-NS-02/downloads/found_pdfs/record_133610/record_133610.pdf
133672,"Yellow fever in Africa and the Americas, 2016",133672.pdf,/home/kana/.openclaw/workspace/repos/Sys_mcs/analysis/pdf_download/133672.pdf,https://iris.who.int/server/api/core/bitstreams/33e64ce2-7403-40c5-b283-59327f7f4165/content,https://iris.who.int/handle/10665/258709,WHO IRIS,publisher repository open access,high,/home/kana/.openclaw/workspace/outputs/kana_backlog_v2/tasks/KANA-P0001-NS-02/downloads/found_pdfs/record_133672/record_133672.pdf
133679,Vaccination campaign against measles during the peak of the epidemic in an area with a high prevalence of malnutrition in Niger: a study conducted in the health district of Mirriah (Zinder). [French],133679.pdf,/home/kana/.openclaw/workspace/repos/Sys_mcs/analysis/pdf_download/133679.pdf,https://www.panafrican-med-journal.com/content/article/27/240/pdf/240.pdf,https://www.panafrican-med-journal.com/content/article/27/240/full/,Pan African Medical Journal,publisher open access; creative commons attribution 4.0 stated on landing page,high,/home/kana/.openclaw/workspace/outputs/kana_backlog_v2/tasks/KANA-P0001-NS-02/downloads/found_pdfs/record_133679/record_133679.pdf
133694,Outbreak of visceral leishmaniasis in peri-urban area in the municipality of Neiva huila: January to July 2017. [Spanish],133694.pdf,/home/kana/.openclaw/workspace/repos/Sys_mcs/analysis/pdf_download/133694.pdf,https://www.ins.gov.co/buscador-eventos/IQEN/IQEN%20vol%2022%202017%20num%2013.pdf,https://www.ins.gov.co/buscador-eventos/IQEN/IQEN%20vol%2022%202017%20num%2013.pdf,"Instituto Nacional de Salud (Colombia), IQEN",lawful public publisher/institutional pdf,high,/home/kana/.openclaw/workspace/outputs/kana_backlog_v2/tasks/KANA-P0001-NS-02/downloads/found_pdfs/record_133694/record_133694.pdf
133714,"Outbreak investigation of unusual severe acute respiratory infection in the elderly care centre - Tulua, Valle del Cauca, January-February 2017. [Spanish]",133714.pdf,/home/kana/.openclaw/workspace/repos/Sys_mcs/analysis/pdf_download/133714.pdf,https://www.ins.gov.co/buscador-eventos/IQEN/IQEN%20vol%2022%202017%20num%2012.pdf,https://www.ins.gov.co/buscador-eventos/IQEN/,"Instituto Nacional de Salud (Colombia), IQEN Informe Quincenal Epidemiologico Nacional",publisher_open_access_public_pdf,high,/home/kana/.openclaw/workspace/outputs/kana_backlog_v2/tasks/KANA-P0001-NS-02/downloads/found_pdfs/record_133714/record_133714.pdf
133723,Safety and tolerability of adjunctive rosiglitazone treatment for children with uncomplicated malaria,133723.pdf,/home/kana/.openclaw/workspace/repos/Sys_mcs/analysis/pdf_download/133723.pdf,https://link.springer.com/content/pdf/10.1186/s12936-017-1858-0.pdf,https://link.springer.com/article/10.1186/s12936-017-1858-0,SpringerLink / Malaria Journal (BMC),publisher open access,high,/home/kana/.openclaw/workspace/outputs/kana_backlog_v2/tasks/KANA-P0001-NS-02/downloads/found_pdfs/record_133723/record_133723.pdf
133791,"Outbreak of canine rabies in the municipality of El Reten, Magdalena, Colombia, November 2016. [Spanish]",133791.pdf,/home/kana/.openclaw/workspace/repos/Sys_mcs/analysis/pdf_download/133791.pdf,https://www.ins.gov.co/buscador-eventos/IQEN/IQEN%20vol%2022%202017%20num%2010.pdf,https://www.ins.gov.co/buscador-eventos/IQEN/Forms/AllItems.aspx?PageFirstRow=271&Paged=TRUE&View=%7B0C851885-78C9-4951-81B6-1EBC35DCEE46%7D&p_FileLeafRef=IQEN+vol+21+2016+num+2.pdf&p_ID=382&p_SortBehavior=0,"Instituto Nacional de Salud (Colombia), IQEN",lawful public government/publisher pdf,high,/home/kana/.openclaw/workspace/outputs/kana_backlog_v2/tasks/KANA-P0001-NS-02/downloads/found_pdfs/record_133791/record_133791.pdf
133800,Ethiopia: demographic and health survey 2016,133800.pdf,/home/kana/.openclaw/workspace/repos/Sys_mcs/analysis/pdf_download/133800.pdf,https://www.dhsprogram.com/pubs/pdf/fr328/fr328.pdf,https://dhsprogram.com/publications/publication-fr328-dhs-final-reports.cfm,The DHS Program,publisher_open_public_pdf,high,/home/kana/.openclaw/workspace/outputs/kana_backlog_v2/tasks/KANA-P0001-NS-02/downloads/found_pdfs/record_133800/record_133800.pdf
133817,"Approaches to vaccination among populations in areas of conflict. (Special Issue: Polio endgame & legacy-implementation, best practices, and lessons learned.)",133817.pdf,/home/kana/.openclaw/workspace/repos/Sys_mcs/analysis/pdf_download/133817.pdf,https://stacks.cdc.gov/view/cdc/50746/cdc_50746_DS1.pdf,https://stacks.cdc.gov/view/cdc/50746,CDC Stacks,public repository author manuscript; open access cc by 3.0 igo,high,/home/kana/.openclaw/workspace/outputs/kana_backlog_v2/tasks/KANA-P0001-NS-02/downloads/found_pdfs/record_133817/record_133817.pdf
133896,Pre-admission antibiotics for suspected cases of meningococcal disease,133896.pdf,/home/kana/.openclaw/workspace/repos/Sys_mcs/analysis/pdf_download/133896.pdf,https://europepmc.org/articles/PMC6481530?pdf=render,https://europepmc.org/article/MED/28613408,Europe PMC,lawful public pdf; europe pmc marks the pdf as free and unpaywall lists the publisher copy as bronze open access,high,/home/kana/.openclaw/workspace/outputs/kana_backlog_v2/tasks/KANA-P0001-NS-02/downloads/found_pdfs/record_133896/record_133896.pdf
133901,Preparedness and recovery from nature's wrath: Haiti case study,133901.pdf,/home/kana/.openclaw/workspace/repos/Sys_mcs/analysis/pdf_download/133901.pdf,https://collaboratif.cirad.fr/share/proxy/alfresco-noauth/api/internal/shared/node/xx_CBxH-Sd6zy2ch0dsBWg/content/Millien%20M.%202017%20Preparedness%20and%20recovery%20from%20nature%E2%80%99s%20wrath%20-%20Haiti%20case%20study.%20In%20OIE%20Global%20Conference%20on%20Biological%20Threat%20Reduction.pdf?a=true,https://collaboratif.cirad.fr/share/s/xx_CBxH-Sd6zy2ch0dsBWg,"CIRAD Alfresco public quick-share, linked from CaribVET Disaster Risk Reduction publications",lawful public repository/shared pdf,high,/home/kana/.openclaw/workspace/outputs/kana_backlog_v2/tasks/KANA-P0001-NS-02/downloads/found_pdfs/record_133901/record_133901.pdf
133945,"Epidemiological, clinical and therapeutic aspects of blunt abdominal trauma in patients undergoing surgery at the General Hospital of National Reference of N'Djamena, Chad: about 49 cases. [French]",133945.pdf,/home/kana/.openclaw/workspace/repos/Sys_mcs/analysis/pdf_download/133945.pdf,https://www.panafrican-med-journal.com/content/article/26/50/pdf/50.pdf,https://www.panafrican-med-journal.com/content/article/26/50/full/,Pan African Medical Journal,publisher open access pdf; landing page states cc by 4.0 and pdf states open access,high,/home/kana/.openclaw/workspace/outputs/kana_backlog_v2/tasks/KANA-P0001-NS-02/downloads/found_pdfs/record_133945/record_133945.pdf
134009,Afghanistan: demographic and health survey 2015,134009.pdf,/home/kana/.openclaw/workspace/repos/Sys_mcs/analysis/pdf_download/134009.pdf,https://www.rhsupplies.org/uploads/tx_rhscpublications/Afghanistan_-_2017.pdf,https://microdata.worldbank.org/index.php/catalog/2786,Reproductive Health Supplies Coalition public PDF mirror; World Bank Microdata Library/DHS metadata corroboration,lawful public pdf,high,/home/kana/.openclaw/workspace/outputs/kana_backlog_v2/tasks/KANA-P0001-NS-02/downloads/found_pdfs/record_134009/record_134009.pdf
134010,Myanmar Demographic and Health Survey 2015-16,134010.pdf,/home/kana/.openclaw/workspace/repos/Sys_mcs/analysis/pdf_download/134010.pdf,https://dhsprogram.com/pubs/pdf/FR324/FR324.pdf,https://dhsprogram.com/publications/publication-fr324-dhs-final-reports.cfm,The DHS Program,publisher open access,high,/home/kana/.openclaw/workspace/outputs/kana_backlog_v2/tasks/KANA-P0001-NS-02/downloads/found_pdfs/record_134010/record_134010.pdf
134045,"Early warning, alert and response system in emergencies: a field experience of a novel WHO project in north-east Nigeria",134045.pdf,/home/kana/.openclaw/workspace/repos/Sys_mcs/analysis/pdf_download/134045.pdf,https://iris.who.int/bitstreams/2bbf14fe-8e82-4d36-9ffa-f9fa2b6fc124/download,https://iris.who.int/items/51d93700-9baf-44f8-a995-d1cd1fcf21f9,WHO IRIS / Weekly Epidemiological Record,publisher_open_access,high,/home/kana/.openclaw/workspace/outputs/kana_backlog_v2/tasks/KANA-P0001-NS-02/downloads/found_pdfs/record_134045/record_134045.pdf
134103,"The Pakistan Expanded Program on Immunization and the national immunization support project: an economic analysis. (Health, Nutrition and Population Discussion Paper)",134103.pdf,/home/kana/.openclaw/workspace/repos/Sys_mcs/analysis/pdf_download/134103.pdf,https://documents1.worldbank.org/curated/en/264971484109785001/pdf/111815-WP-PAKImmunizationEA-PUBLIC.pdf,https://ideas.repec.org/p/wbk/hnpdps/111815.html,World Bank Documents and Reports via RePEc metadata,publisher public pdf,high,/home/kana/.openclaw/workspace/outputs/kana_backlog_v2/tasks/KANA-P0001-NS-02/downloads/found_pdfs/record_134103/record_134103.pdf
134106,An overview of tobacco control and prevention policy status in Africa. (Special Issue: Tobacco control in Africa.),134106.pdf,/home/kana/.openclaw/workspace/repos/Sys_mcs/analysis/pdf_download/134106.pdf,https://pmc.ncbi.nlm.nih.gov/articles/PMC5556684/pdf/nihms885825.pdf,https://pmc.ncbi.nlm.nih.gov/articles/PMC5556684/,PubMed Central,public pmc author manuscript,high,/home/kana/.openclaw/workspace/outputs/kana_backlog_v2/tasks/KANA-P0001-NS-02/downloads/found_pdfs/record_134106/record_134106.pdf
134120,Cancer care in Sudan: current situation and challenges,134120.pdf,/home/kana/.openclaw/workspace/repos/Sys_mcs/analysis/pdf_download/134120.pdf,https://www.alquds.edu/wp-content/uploads/news/staff-news/03-2016/pdf/en_online%20corrected.pdf,https://link.springer.com/book/10.1007/978-3-319-22912-6,"Al-Quds University public PDF, cross-checked against Springer book landing page",public university-hosted pdf,high,/home/kana/.openclaw/workspace/outputs/kana_backlog_v2/tasks/KANA-P0001-NS-02/downloads/found_pdfs/record_134120/record_134120.pdf
134123,"Zimbabwe: demographic and health survey, 2015",134123.pdf,/home/kana/.openclaw/workspace/repos/Sys_mcs/analysis/pdf_download/134123.pdf,https://dhsprogram.com/pubs/pdf/FR322/FR322.pdf,https://dhsprogram.com/publications/publication-fr322-dhs-final-reports.cfm,The DHS Program,lawful public publisher/source pdf,high,/home/kana/.openclaw/workspace/outputs/kana_backlog_v2/tasks/KANA-P0001-NS-02/downloads/found_pdfs/record_134123/record_134123.pdf
134201,Pre-hospital management of mass casualty civilian shootings: a systematic literature review,134201.pdf,/home/kana/.openclaw/workspace/repos/Sys_mcs/analysis/pdf_download/134201.pdf,https://link.springer.com/content/pdf/10.1186/s13054-016-1543-7.pdf,https://link.springer.com/article/10.1186/s13054-016-1543-7,Springer Nature Link / Critical Care,"publisher open access pdf, creative commons attribution 4.0",high,/home/kana/.openclaw/workspace/outputs/kana_backlog_v2/tasks/KANA-P0001-NS-02/downloads/found_pdfs/record_134201/record_134201.pdf
134217,Chad: Demographic and Health Survey and Multiple Indicators in Chad (EDS-MICS) 2014-2015. [French],134217.pdf,/home/kana/.openclaw/workspace/repos/Sys_mcs/analysis/pdf_download/134217.pdf,https://dhsprogram.com/pubs/pdf/fr317/fr317.pdf,https://dhsprogram.com/publications/publication-fr317-dhs-final-reports.cfm,The DHS Program,lawful public publisher pdf,high,/home/kana/.openclaw/workspace/outputs/kana_backlog_v2/tasks/KANA-P0001-NS-02/downloads/found_pdfs/record_134217/record_134217.pdf
134228,"Heatwaves and health: reflections on the El Nino phenomenon in Piura, Peru",134228.pdf,/home/kana/.openclaw/workspace/repos/Sys_mcs/analysis/pdf_download/134228.pdf,https://www.scielosp.org/pdf/csp/2016.v32n9/e00046816/en,https://www.scielosp.org/article/csp/2016.v32n9/e00046816/en/,SciELO Public Health / Cadernos de Saude Publica,publisher open access pdf,high,/home/kana/.openclaw/workspace/outputs/kana_backlog_v2/tasks/KANA-P0001-NS-02/downloads/found_pdfs/record_134228/record_134228.pdf
134232,"Global, regional, and national disability-adjusted life-years (DALYs) for 315 diseases and injuries and healthy life expectancy (HALE), 1990-2015: a systematic analysis for the Global Burden of Disease Study 2015. (Special Issue: GBD 2015: From big data to meaningful change.)",134232.pdf,/home/kana/.openclaw/workspace/repos/Sys_mcs/analysis/pdf_download/134232.pdf,https://wrap.warwick.ac.uk/id/eprint/81349/7/WRAP-global-regional-disability-analysis-Ulthman-2016.pdf,https://wrap.warwick.ac.uk/id/eprint/81349/,Warwick Research Archive Portal (WRAP),repository open access; published version under creative commons attribution 4.0,high,/home/kana/.openclaw/workspace/outputs/kana_backlog_v2/tasks/KANA-P0001-NS-02/downloads/found_pdfs/record_134232/record_134232.pdf
134233,"Global, regional, and national life expectancy, all-cause mortality, and cause-specific mortality for 249 causes of death, 1980-2015: a systematic analysis for the Global Burden of Disease Study 2015. (Special Issue: GBD 2015: From big data to meaningful change.)",134233.pdf,/home/kana/.openclaw/workspace/repos/Sys_mcs/analysis/pdf_download/134233.pdf,https://wrap.warwick.ac.uk/id/eprint/81347/7/WRAP-all-cause-mortality-systematic-study-Uthman-2016.pdf,https://wrap.warwick.ac.uk/id/eprint/81347/,Warwick Research Archive Portal (WRAP),repository open access; landing page states published version under creative commons attribution 4.0 and open access,high,/home/kana/.openclaw/workspace/outputs/kana_backlog_v2/tasks/KANA-P0001-NS-02/downloads/found_pdfs/record_134233/record_134233.pdf
134234,"Outbreak of measles in Sokoto State North-Western Nigeria, three months after a supplementary immunization campaign: an investigation report 2016",134234.pdf,/home/kana/.openclaw/workspace/repos/Sys_mcs/analysis/pdf_download/134234.pdf,https://amj.net.au/index.php/AMJ/article/download/2697/1422,https://amj.net.au/index.php/AMJ/article/view/2697/1422,Australasian Medical Journal,publisher_open_access_pdf,high,/home/kana/.openclaw/workspace/outputs/kana_backlog_v2/tasks/KANA-P0001-NS-02/downloads/found_pdfs/record_134234/record_134234.pdf
134263,Facts and figures on COVID-19 pandemic outbreak,134263.pdf,/home/kana/.openclaw/workspace/repos/Sys_mcs/analysis/pdf_download/134263.pdf,https://researcherslinks.com/base/downloads.php?jid=20&aid=3758&acid=8&path=pdf&file=1617450816PJZ_53_3_1119-1129.pdf,https://researcherslinks.com/current-issues/Facts-and-Figures-Covid-19-Pandemic-Outbreak/20/8/3758,ResearchersLinks / Pakistan Journal of Zoology,publisher open access public pdf,high,/home/kana/.openclaw/workspace/outputs/kana_backlog_v2/tasks/KANA-P0001-NS-02/downloads/found_pdfs/record_134263/record_134263.pdf
134487,The essential role of conventional radiography in COVID-19; perspective of a developing country,134487.pdf,/home/kana/.openclaw/workspace/repos/Sys_mcs/analysis/pdf_download/134487.pdf,https://jamc.ayubmed.edu.pk/index.php/jamc/article/download/8421/3102/32460,https://jamc.ayubmed.edu.pk/index.php/jamc/article/view/8421,Journal of Ayub Medical College Abbottabad,"publisher open access pdf, cc by-nd 4.0",high,/home/kana/.openclaw/workspace/outputs/kana_backlog_v2/tasks/KANA-P0001-NS-02/downloads/found_pdfs/record_134487/record_134487.pdf
134952,ISARIC 4C mortality score as a predictor of in-hospital mortality in COVID-19 patients admitted in Ayub Teaching Hospital during first wave of the pandemic,134952.pdf,/home/kana/.openclaw/workspace/repos/Sys_mcs/analysis/pdf_download/134952.pdf,https://jamc.ayubmed.edu.pk/index.php/jamc/article/download/9206/3049/30921,https://jamc.ayubmed.edu.pk/index.php/jamc/article/view/9206,Journal of Ayub Medical College Abbottabad publisher site,lawful public publisher pdf,high,/home/kana/.openclaw/workspace/outputs/kana_backlog_v2/tasks/KANA-P0001-NS-02/downloads/found_pdfs/record_134952/record_134952.pdf
135638,Democracy and COVID-19 mortality in Europe. [Spanish],135638.pdf,/home/kana/.openclaw/workspace/repos/Sys_mcs/analysis/pdf_download/135638.pdf,https://www.sanidad.gob.es/biblioPublic/publicaciones/recursos_propios/resp/revista_cdrom/VOL94/ORIGINALES/RS94C_202006073.pdf,https://ojs.sanidad.gob.es/index.php/resp/article/view/818,Revista Espanola de Salud Publica / Ministerio de Sanidad,publisher open access,high,/home/kana/.openclaw/workspace/outputs/kana_backlog_v2/tasks/KANA-P0001-NS-02/downloads/found_pdfs/record_135638/record_135638.pdf
135654,Do coronavirus containment measures work? Worldwide evidence,135654.pdf,/home/kana/.openclaw/workspace/repos/Sys_mcs/analysis/pdf_download/135654.pdf,https://openknowledge.worldbank.org/bitstreams/88a14bf9-cc50-5463-82f2-3d726bc11cd2/download,https://openknowledge.worldbank.org/entities/publication/fb3756f9-9dad-5314-88be-fc41e14d6a2b,World Bank Open Knowledge Repository,open access; cc by 3.0 igo,high,/home/kana/.openclaw/workspace/outputs/kana_backlog_v2/tasks/KANA-P0001-NS-02/downloads/found_pdfs/record_135654/record_135654.pdf
135763,COVID-19 in Ethiopia in the first 180 days: lessons learned and the way forward,135763.pdf,/home/kana/.openclaw/workspace/repos/Sys_mcs/analysis/pdf_download/135763.pdf,https://ejhd.org/index.php/ejhd/article/download/3646/1580,https://ejhd.org/index.php/ejhd/article/view/3646,The Ethiopian Journal of Health Development publisher site,publisher_open_access,high,/home/kana/.openclaw/workspace/outputs/kana_backlog_v2/tasks/KANA-P0001-NS-02/downloads/found_pdfs/record_135763/record_135763.pdf
136112,Lassa fever: annual epidemiological report for 2018,136112.pdf,/home/kana/.openclaw/workspace/repos/Sys_mcs/analysis/pdf_download/136112.pdf,https://www.ecdc.europa.eu/sites/default/files/documents/lassa-fever-annual-epidemiological-report-2018.pdf,https://www.ecdc.europa.eu/en/publications-data/lassa-fever-annual-epidemiological-report-2018,European Centre for Disease Prevention and Control (ECDC),public agency open pdf; reproduction authorised with source acknowledgement,high,/home/kana/.openclaw/workspace/outputs/kana_backlog_v2/tasks/KANA-P0001-NS-02/downloads/found_pdfs/record_136112/record_136112.pdf
136635,Comorbidity and COVID-19 in children - a single center experience,136635.pdf,/home/kana/.openclaw/workspace/repos/Sys_mcs/analysis/pdf_download/136635.pdf,https://applications.emro.who.int/imemrf/385/Pak-Pediatr-J-2020-44-4-306-313-eng.pdf,https://www.pakmedinet.com/journal/34/1/December/2020/44%284%29,WHO EMRO IMEMR / PakMediNet,lawful public repository pdf,high,/home/kana/.openclaw/workspace/outputs/kana_backlog_v2/tasks/KANA-P0001-NS-02/downloads/found_pdfs/record_136635/record_136635.pdf
136732,Rheumatological manifestations in patients hospitalized with COVID-19 in a tertiary care setting,136732.pdf,/home/kana/.openclaw/workspace/repos/Sys_mcs/analysis/pdf_download/136732.pdf,https://jamc.ayubmed.edu.pk/index.php/jamc/article/download/9025/3044/29931,https://jamc.ayubmed.edu.pk/index.php/jamc/article/view/9025,Journal of Ayub Medical College Abbottabad,publisher open access,high,/home/kana/.openclaw/workspace/outputs/kana_backlog_v2/tasks/KANA-P0001-NS-02/downloads/found_pdfs/record_136732/record_136732.pdf
136997,Battling COVID-19 pandemic waves in six south-east Asian countries: a real-time consensus review,136997.pdf,/home/kana/.openclaw/workspace/repos/Sys_mcs/analysis/pdf_download/136997.pdf,https://www.e-mjm.org/2020/v75n6/battling-COVID-19-pandemic.pdf,https://www.e-mjm.org/2020/v75n6/index.html,Medical Journal of Malaysia,publisher public pdf,high,/home/kana/.openclaw/workspace/outputs/kana_backlog_v2/tasks/KANA-P0001-NS-02/downloads/found_pdfs/record_136997/record_136997.pdf
137183,Risk factors for death from complicated measles at the university hospital of androva mahajanga Madagascar. [French],137183.pdf,/home/kana/.openclaw/workspace/repos/Sys_mcs/analysis/pdf_download/137183.pdf,https://www.santetropicale.com/club/pdf/1220/6712_06.pdf,https://www.santetropicale.com/manelec/fr/resume_oa.asp?id_article=3431,APIDPM Sante Tropicale / Medecine d'Afrique Noire,publisher open access,high,/home/kana/.openclaw/workspace/outputs/kana_backlog_v2/tasks/KANA-P0001-NS-02/downloads/found_pdfs/record_137183/record_137183.pdf
137558,COVID-19 on the African continent,137558.pdf,/home/kana/.openclaw/workspace/repos/Sys_mcs/analysis/pdf_download/137558.pdf,https://pmc.ncbi.nlm.nih.gov/articles/PMC7202849/pdf/main.pdf,https://pmc.ncbi.nlm.nih.gov/articles/PMC7202849/,PubMed Central; The Lancet Infectious Diseases,public pmc copy under elsevier covid-19 resource centre permission,high,/home/kana/.openclaw/workspace/outputs/kana_backlog_v2/tasks/KANA-P0001-NS-02/downloads/found_pdfs/record_137558/record_137558.pdf
138763,Peculiarities of the severe burn disease course leading to sepsis and mod in children,138763.pdf,/home/kana/.openclaw/workspace/repos/Sys_mcs/analysis/pdf_download/138763.pdf,https://pharmacologyonline.silae.it/files/archives/2021/vol1/PhOL_2021_1_A004_Koval.pdf,https://pharmacologyonline.silae.it/front/archives_2021_1,PharmacologyOnline publisher archive,publisher open access,high,/home/kana/.openclaw/workspace/outputs/kana_backlog_v2/tasks/KANA-P0001-NS-02/downloads/found_pdfs/record_138763/record_138763.pdf
139297,"Cholera, 2020",139297.pdf,/home/kana/.openclaw/workspace/repos/Sys_mcs/analysis/pdf_download/139297.pdf,https://reliefweb.int/attachments/c434e7bd-0537-3212-ac6d-597c3e9a96fa/WER9637-eng-fre.pdf,https://iris.who.int/items/5346ff7d-3bdb-401a-8978-f710f6d97693,World Health Organization IRIS / ReliefWeb,lawful public who wer pdf,high,/home/kana/.openclaw/workspace/outputs/kana_backlog_v2/tasks/KANA-P0001-NS-02/downloads/found_pdfs/record_139297/record_139297.pdf
139393,"Progress towards regional measles elimination - worldwide, 2000-2020",139393.pdf,/home/kana/.openclaw/workspace/repos/Sys_mcs/analysis/pdf_download/139393.pdf,https://iris.who.int/bitstreams/f79057cd-3261-47f1-85c2-cb1ab339fd73/download,https://iris.who.int/items/b8b4fc72-276e-4fb0-a83e-fc2686efe002,WHO IRIS / Weekly Epidemiological Record,lawful public repository pdf,high,/home/kana/.openclaw/workspace/outputs/kana_backlog_v2/tasks/KANA-P0001-NS-02/downloads/found_pdfs/record_139393/record_139393.pdf
139415,"Comparison of forecasting of the risk of coronavirus (COVID-19) in high-quality and low-quality healthcare systems, using ANN models",139415.pdf,/home/kana/.openclaw/workspace/repos/Sys_mcs/analysis/pdf_download/139415.pdf,https://arxiv.org/pdf/2107.00548,https://arxiv.org/abs/2107.00548,arXiv,lawful public preprint pdf,high,/home/kana/.openclaw/workspace/outputs/kana_backlog_v2/tasks/KANA-P0001-NS-02/downloads/found_pdfs/record_139415/record_139415.pdf
139417,Modeling death rate of the COVID-19 pandemic in Iraq,139417.pdf,/home/kana/.openclaw/workspace/repos/Sys_mcs/analysis/pdf_download/139417.pdf,https://connectjournals.com/file_full_text/3459901H_1215-1220.pdf,https://connectjournals.com/toc2.php?abstract=3459901H_1215-1220a.pdf&bookmark=CJ-033252&issue_id=&yaer=2021,Connect Journals,publisher open access,high,/home/kana/.openclaw/workspace/outputs/kana_backlog_v2/tasks/KANA-P0001-NS-02/downloads/found_pdfs/record_139417/record_139417.pdf
139996,The epidemiology of COVID-19 in ten Southeast Asian countries,139996.pdf,/home/kana/.openclaw/workspace/repos/Sys_mcs/analysis/pdf_download/139996.pdf,https://www.e-mjm.org/2021/v76n6/epidemiology-of-COVID-19.pdf,https://www.e-mjm.org/2021/v76n6/,Medical Journal of Malaysia,publisher public pdf,high,/home/kana/.openclaw/workspace/outputs/kana_backlog_v2/tasks/KANA-P0001-NS-02/downloads/found_pdfs/record_139996/record_139996.pdf
140172,"Epidemiological, clinical, paraclinical, therapeutic and evolutionary profile of patients infected with SARS-CoV-2 at the Regional Hospital Center of Dosso, Republic of Niger. [French]",140172.pdf,/home/kana/.openclaw/workspace/repos/Sys_mcs/analysis/pdf_download/140172.pdf,https://www.santetropicale.com/club/pdf/1221/6812_05.pdf,https://www.santetropicale.com/manelec/fr/resume_oa.asp?id_article=3517,APIDPM Sante Tropicale / Medecine d'Afrique francophone,publisher open access,high,/home/kana/.openclaw/workspace/outputs/kana_backlog_v2/tasks/KANA-P0001-NS-02/downloads/found_pdfs/record_140172/record_140172.pdf
140620,COVID vs. non-COVID age-specific mortality in Islamabad: a comparative cross-sectional survey,140620.pdf,/home/kana/.openclaw/workspace/repos/Sys_mcs/analysis/pdf_download/140620.pdf,https://jamc.ayubmed.edu.pk/index.php/jamc/article/download/8508/3178/36680,https://jamc.ayubmed.edu.pk/index.php/jamc/article/view/8508,Journal of Ayub Medical College Abbottabad,publisher open access; article page states the journal is open access and allows users to read and download full texts under cc by-nd 4.0,high,/home/kana/.openclaw/workspace/outputs/kana_backlog_v2/tasks/KANA-P0001-NS-02/downloads/found_pdfs/record_140620/record_140620.pdf
141323,Corona virus disease-19 clinical and laboratory characteristics associated with disease severity in patients presenting at a tertiary care hospital of Peshawar,141323.pdf,/home/kana/.openclaw/workspace/repos/Sys_mcs/analysis/pdf_download/141323.pdf,https://jamc.ayubmed.edu.pk/index.php/jamc/article/download/9355/3163/34579,https://jamc.ayubmed.edu.pk/index.php/jamc/article/view/9355,Journal of Ayub Medical College Abbottabad,publisher open access,high,/home/kana/.openclaw/workspace/outputs/kana_backlog_v2/tasks/KANA-P0001-NS-02/downloads/found_pdfs/record_141323/record_141323.pdf
141466,Plague in Madagascar,141466.pdf,/home/kana/.openclaw/workspace/repos/Sys_mcs/analysis/pdf_download/141466.pdf,https://www.ecdc.europa.eu/sites/default/files/documents/communicable-disease-threats-report-10-09-2021-public.pdf,https://www.ecdc.europa.eu/en/publications-data/communicable-disease-threats-report-5-11-september-week-36,"European Centre for Disease Prevention and Control (ECDC), Communicable Disease Threats Report, week 36, 5-11 September 2021",lawful public agency pdf,medium,/home/kana/.openclaw/workspace/outputs/kana_backlog_v2/tasks/KANA-P0001-NS-02/downloads/found_pdfs/record_141466/record_141466.pdf
141787,"The plight of COVID-19 in Ethiopia: describing pattern, predicting infections, recoveries and deaths using initial values from different sources. (Special Issue: The Ethiopian health information system: where are we? and where are we going?)",141787.pdf,/home/kana/.openclaw/workspace/repos/Sys_mcs/analysis/pdf_download/141787.pdf,https://ejol.aau.edu.et/index.php/EJHD/article/download/1837/1458/2958,https://ejol.aau.edu.et/index.php/EJHD/article/view/1837,Ethiopian Journal Online / The Ethiopian Journal of Health Development,public journal pdf,high,/home/kana/.openclaw/workspace/outputs/kana_backlog_v2/tasks/KANA-P0001-NS-02/downloads/found_pdfs/record_141787/record_141787.pdf
142215,Lassa fever: annual epidemiological report for 2019,142215.pdf,/home/kana/.openclaw/workspace/repos/Sys_mcs/analysis/pdf_download/142215.pdf,https://www.ecdc.europa.eu/sites/default/files/documents/AER-Lassa-2019.pdf,https://www.ecdc.europa.eu/en/publications-data/lassa-fever-annual-epidemiological-report-2019,European Centre for Disease Prevention and Control (ECDC),publisher public pdf,high,/home/kana/.openclaw/workspace/outputs/kana_backlog_v2/tasks/KANA-P0001-NS-02/downloads/found_pdfs/record_142215/record_142215.pdf
142217,"Clinical and socio-demographic characterization of patients diagnosed with dengue and chikungunya in Narino, Colombia. [Spanish]",142217.pdf,/home/kana/.openclaw/workspace/repos/Sys_mcs/analysis/pdf_download/142217.pdf,https://www.medigraphic.com/pdfs/revcubmedtro/cmt-2021/cmt211a.pdf,https://www.medigraphic.com/cgi-bin/new/resumen.cgi?IDARTICULO=105760,Medigraphic / Revista Cubana de Medicina Tropical public article page,lawful public pdf mirror for open-access journal article,high,/home/kana/.openclaw/workspace/outputs/kana_backlog_v2/tasks/KANA-P0001-NS-02/downloads/found_pdfs/record_142217/record_142217.pdf
143543,Methodology for estimating global excess deaths associated with COVID-19,143543.pdf,/home/kana/.openclaw/workspace/repos/Sys_mcs/analysis/pdf_download/143543.pdf,https://cdn.who.int/media/docs/default-source/world-health-data-platform/covid-19-excessmortality/methodology_for_estimating_global_excess_deaths_associated_with_covid-19.pdf?sfvrsn=51e095e4_12,https://www.who.int/publications/m/item/methodology-for-estimating-global-excess-deaths-associated-with-covid-19,World Health Organization (WHO),"publisher open access; who technical document, cc by-nc-sa 3.0 igo",high,/home/kana/.openclaw/workspace/outputs/kana_backlog_v2/tasks/KANA-P0001-NS-02/downloads/found_pdfs/record_143543/record_143543.pdf
143555,Levels & trends in child mortality,143555.pdf,/home/kana/.openclaw/workspace/repos/Sys_mcs/analysis/pdf_download/143555.pdf,https://digitallibrary.un.org/record/3968643/files/UNICEF-2021-Child-Mortality-Report.pdf,https://digitallibrary.un.org/record/3968643?ln=en,UN Digital Library / UNICEF,lawful public pdf,high,/home/kana/.openclaw/workspace/outputs/kana_backlog_v2/tasks/KANA-P0001-NS-02/downloads/found_pdfs/record_143555/record_143555.pdf
143559,Emerging COVID-19 virus variants and low vaccination coverage in Ethiopia: the need for tailored vaccination strategy,143559.pdf,/home/kana/.openclaw/workspace/repos/Sys_mcs/analysis/pdf_download/143559.pdf,https://emjema.org/index.php/EMJ/article/download/2122/798/6131,https://emjema.org/index.php/EMJ/article/view/2122,Ethiopian Medical Journal,publisher open access; pdf states creative commons attribution licence (cc by 4.0),high,/home/kana/.openclaw/workspace/outputs/kana_backlog_v2/tasks/KANA-P0001-NS-02/downloads/found_pdfs/record_143559/record_143559.pdf
143566,Epidemiologic pattern of COVID-19 pandemic in East Africa,143566.pdf,/home/kana/.openclaw/workspace/repos/Sys_mcs/analysis/pdf_download/143566.pdf,https://emjema.org/index.php/EMJ/article/download/2137/821/6791,https://emjema.org/index.php/EMJ/article/view/2137,Ethiopian Medical Journal publisher website,publisher open access pdf; first page states creative commons attribution licence (cc by 4.0),high,/home/kana/.openclaw/workspace/outputs/kana_backlog_v2/tasks/KANA-P0001-NS-02/downloads/found_pdfs/record_143566/record_143566.pdf
145122,Unevenness of geographical spread of COVID-19 at country and continental scales,145122.pdf,/home/kana/.openclaw/workspace/repos/Sys_mcs/analysis/pdf_download/145122.pdf,https://currentscience.ac.in/Volumes/122/03/0244.pdf,https://openurl.ebsco.com/contentitem/gcd%3A155173727?crl=c&id=ebsco%3Agcd%3A155173727&jrnl=00113891&sid=ebsco%3Aplink%3Acrawler-gcd,Current Science publisher archive,publisher_open_pdf,high,/home/kana/.openclaw/workspace/outputs/kana_backlog_v2/tasks/KANA-P0001-NS-02/downloads/found_pdfs/record_145122/record_145122.pdf
145780,"COVID-19 in maternal, perinatal and neonatal mortality in four locations in Bogota. descriptive study",145780.pdf,/home/kana/.openclaw/workspace/repos/Sys_mcs/analysis/pdf_download/145780.pdf,https://ojs.sanidad.gob.es/index.php/resp/article/download/113/164/278,https://ojs.sanidad.gob.es/index.php/resp/article/view/113,Revista Espanola de Salud Publica / Ministerio de Sanidad OJS,publisher open access; creative commons attribution-noncommercial-noderivatives 4.0,high,/home/kana/.openclaw/workspace/outputs/kana_backlog_v2/tasks/KANA-P0001-NS-02/downloads/found_pdfs/record_145780/record_145780.pdf
146842,"Control of epidemic meningitis in countries in the African meningitis belt, 2024",146842.pdf,/home/kana/.openclaw/workspace/repos/Sys_mcs/analysis/pdf_download/146842.pdf,https://iris.who.int/bitstreams/86ad4546-680b-408d-a718-04d9ddd9ef02/download,https://iris.who.int/items/fdfa2b11-aed4-4bad-89ad-d85416031077,WHO IRIS,lawful public who iris repository pdf,high,/home/kana/.openclaw/workspace/outputs/kana_backlog_v2/tasks/KANA-P0001-NS-02/downloads/found_pdfs/record_146842/record_146842.pdf
146980,"Cholera, 2024. [French]",146980.pdf,/home/kana/.openclaw/workspace/repos/Sys_mcs/analysis/pdf_download/146980.pdf,https://iris.who.int/server/api/core/bitstreams/13db3575-03f9-40a4-a27e-210a82276237/content,https://iris.who.int/items/9ca616b3-016c-4526-af22-0f23504fd52f,WHO IRIS,lawful public who repository pdf,high,/home/kana/.openclaw/workspace/outputs/kana_backlog_v2/tasks/KANA-P0001-NS-02/downloads/found_pdfs/record_146980/record_146980.pdf
147109,"Management of cervical spine injuries in children at the university teaching Hospital of Fann, Dakar, Senegal. [French]",147109.pdf,/home/kana/.openclaw/workspace/repos/Sys_mcs/analysis/pdf_download/147109.pdf,https://www.santetropicale.com/club/pdf/0324/7103_02.pdf,https://www.santetropicale.com/manelec/fr/resume_oa.asp?id_article=3720,APIDPM Santé tropicale / Médecine d Afrique francophone,publisher open access,high,/home/kana/.openclaw/workspace/outputs/kana_backlog_v2/tasks/KANA-P0001-NS-02/downloads/found_pdfs/record_147109/record_147109.pdf
147115,Clinical presentation of patients presented with dengue fever during an epidemic in Karachi,147115.pdf,/home/kana/.openclaw/workspace/repos/Sys_mcs/analysis/pdf_download/147115.pdf,https://www.njmsonline.org/wp-content/uploads/2023/05/Vol-11-issue-2.pdf,https://www.njmsonline.org/volume-11-issue-2,National Journal of Medical and Allied Sciences publisher site,publisher open access full-issue pdf,high,/home/kana/.openclaw/workspace/outputs/kana_backlog_v2/tasks/KANA-P0001-NS-02/downloads/found_pdfs/record_147115/record_147115.pdf
147154,An epidemiological investigation of lassa fever outbreak in Ebonyi State south eastern Nigeria lessons learnt. (January to March 2018),147154.pdf,/home/kana/.openclaw/workspace/repos/Sys_mcs/analysis/pdf_download/147154.pdf,https://nigerianmedjournal.org/index.php/nmj/article/download/55/44/63,https://nigerianmedjournal.org/index.php/nmj/article/view/55,Nigerian Medical Journal publisher site,publisher open access pdf; article page states creative commons attribution-noncommercial-sharealike 4.0,high,/home/kana/.openclaw/workspace/outputs/kana_backlog_v2/tasks/KANA-P0001-NS-02/downloads/found_pdfs/record_147154/record_147154.pdf
147501,Strengthening global health security: the role of national international health regulations focal points in the 2024 Oropouche virus outbreak,147501.pdf,/home/kana/.openclaw/workspace/repos/Sys_mcs/analysis/pdf_download/147501.pdf,https://iris.who.int/server/api/core/bitstreams/d0a90d89-34bf-45f3-be60-0810df196a49/content,https://iris.who.int/handle/10665/381220,WHO IRIS,official who repository public pdf,high,/home/kana/.openclaw/workspace/outputs/kana_backlog_v2/tasks/KANA-P0001-NS-02/downloads/found_pdfs/record_147501/record_147501.pdf
147619,"Epidemiological, clinical and therapeutic aspects of anaemia in children aged 6 to 59 months in rural Central African Republic in a context of military-political crisis at the Bambari Regional University Hospital in 2022. [French]",147619.pdf,/home/kana/.openclaw/workspace/repos/Sys_mcs/analysis/pdf_download/147619.pdf,https://www.santetropicale.com/club/pdf/0924/7109_08.pdf,https://www.santetropicale.com/sites_pays/resume_oa.asp?id_article=3772&rep=rca&revue=man,APIDPM Santé tropicale / Médecine d'Afrique Francophone,publisher open access,high,/home/kana/.openclaw/workspace/outputs/kana_backlog_v2/tasks/KANA-P0001-NS-02/downloads/found_pdfs/record_147619/record_147619.pdf
147654,"Communicable Disease Threats Report (CDTR) - week 28, 11-17 July 2021",147654.pdf,/home/kana/.openclaw/workspace/repos/Sys_mcs/analysis/pdf_download/147654.pdf,https://www.ecdc.europa.eu/sites/default/files/documents/Communicable-disease-threats-report-16-Jul-2021_public.pdf,https://www.ecdc.europa.eu/en/publications-data/communicable-disease-threats-report-11-17-july-2021-week-28,European Centre for Disease Prevention and Control (ECDC),publisher public pdf,high,/home/kana/.openclaw/workspace/outputs/kana_backlog_v2/tasks/KANA-P0001-NS-02/downloads/found_pdfs/record_147654/record_147654.pdf
147744,Prophylactic effect of ascorbic acid and levamisole on clinical signs and lesions of infectious bursal disease in five-week-old cockerels,147744.pdf,/home/kana/.openclaw/workspace/repos/Sys_mcs/analysis/pdf_download/147744.pdf,https://jvra.org.in/uploads/archivepdf/5097JVRA_Vol_06_Dec-2024_03.pdf,https://jvra.org.in/archive/prophylactic-effect-of-ascorbic-acid-and-levamisole-on-clinical-signs-and-lesions-of-infectious-bursal-disease-in-five-week-old-cockerels,Journal of Veterinary Research Advances publisher site,publisher open access; pdf states creative commons attribution 4.0 international license,high,/home/kana/.openclaw/workspace/outputs/kana_backlog_v2/tasks/KANA-P0001-NS-02/downloads/found_pdfs/record_147744/record_147744.pdf
147846,Conflict and child mortality in Mali: a synthetic control analysis,147846.pdf,/home/kana/.openclaw/workspace/repos/Sys_mcs/analysis/pdf_download/147846.pdf,https://cgspace.cgiar.org/bitstreams/c3f9b115-39cb-4cd4-ad43-ecd3cf890891/download,https://cgspace.cgiar.org/items/53212b54-7940-4ac0-aed0-3a838d00f295,CGSpace / International Food Policy Research Institute (IFPRI) Discussion Paper 02082,lawful public repository pdf,high,/home/kana/.openclaw/workspace/outputs/kana_backlog_v2/tasks/KANA-P0001-NS-02/downloads/found_pdfs/record_147846/record_147846.pdf
148618,An outbreak of candidemia among hospitalized neonates at Tikur Anbessa specialized teaching hospital: a call for increased awareness,148618.pdf,/home/kana/.openclaw/workspace/repos/Sys_mcs/analysis/pdf_download/148618.pdf,https://emjema.org/index.php/EMJ/article/download/1337/591/3579,https://emjema.org/index.php/EMJ/issue/view/48,Ethiopian Medical Journal,public publisher pdf,high,/home/kana/.openclaw/workspace/outputs/kana_backlog_v2/tasks/KANA-P0001-NS-02/downloads/found_pdfs/record_148618/record_148618.pdf
